name,datetime,temp,feelslike,dew,humidity,precip,precipprob,preciptype,snow,snowdepth,windgust,windspeed,winddir,sealevelpressure,cloudcover,visibility,solarradiation,solarenergy,uvindex,severerisk,conditions,icon,stations
Taourirt ,2025-02-01T00:00:00,48.2,46.3,44.6,87.29,0,0,,0,0,5.1,4.7,290,1027,27.4,5,0,0,0,,Partially cloudy,partly-cloudy-night,"GMMW,60340099999"
Taourirt ,2025-02-01T01:00:00,46.4,45.3,43.1,88.08,0,0,,0,0,6.9,3.4,280,1028.2,42.1,5,0,0,0,,Partially cloudy,partly-cloudy-night,"GMMW,60340099999"
Taourirt ,2025-02-01T02:00:00,42.8,40,41,93.3,0,0,,0,0,3.4,4.7,240,1027,0,5,0,0,0,,Clear,clear-night,"GMMW,60340099999"
Taourirt ,2025-02-01T03:00:00,42.8,40,39.2,87,0,0,,0,0,3.8,4.7,300,1027,0,5,0,0,0,,Clear,clear-night,"GMMW,60340099999"
Taourirt ,2025-02-01T04:00:00,41.1,38.5,37.8,88.12,0,0,,0,0,6.9,4,255,1027.3,40,5,0,0,0,,Partially cloudy,partly-cloudy-night,"GMMW,60340099999"
Taourirt ,2025-02-01T05:00:00,41,37.9,39.2,93.25,0,0,,0,0,5.4,4.7,280,1026,0,5,0,0,0,,Clear,clear-night,"GMMW,60340099999"
Taourirt ,2025-02-01T06:00:00,39.2,35.8,37.4,93.2,0,0,,0,0,5.6,4.7,280,1025,0,5,0,0,0,,Clear,clear-night,"GMMW,60340099999"
Taourirt ,2025-02-01T07:00:00,38.8,36,36,89.55,0,0,,0,0,8.1,4,255,1025.9,27.4,5,0,0,0,,Partially cloudy,partly-cloudy-night,"GMMW,60340099999"
Taourirt ,2025-02-01T08:00:00,37.4,37.4,35.6,93.14,0,0,,0,0,6.5,2.2,165.9,1025,50,5,0,0,0,,Partially cloudy,partly-cloudy-night,"GMMW,60340099999"
Taourirt ,2025-02-01T09:00:00,39.2,37,35.6,86.8,0,0,,0,0,6.7,3.4,320,1026,27.4,5,38.3,0.1,0,,Partially cloudy,partly-cloudy-day,"GMMW,60340099999"
Taourirt ,2025-02-01T10:00:00,46.2,46.2,39,75.84,0,0,,0,0,6.9,2.2,240,1025.5,27.4,5,208.7,0.8,2,,Partially cloudy,partly-cloudy-day,"GMMW,60340099999"
Taourirt ,2025-02-01T11:00:00,51.8,51.8,42.8,71.28,0,0,,0,0,12.5,2.2,208,1025,27.4,5,390.3,1.4,4,,Partially cloudy,partly-cloudy-day,"GMMW,60340099999"
Taourirt ,2025-02-01T12:00:00,55.4,55.4,41,58.3,0,0,,0,0,15.4,8.1,310,1025,27.4,5,543.7,2,5,,Partially cloudy,partly-cloudy-day,"GMMW,60340099999"
Taourirt ,2025-02-01T13:00:00,58.6,58.6,37.7,45.54,0,0,,0,0,11.4,5.8,310,1024,27.4,6.2,651.1,2.3,7,,Partially cloudy,partly-cloudy-day,"GMMW,60340099999"
Taourirt ,2025-02-01T14:00:00,59,59,35.6,41.45,0,0,,0,0,15.9,3.4,247.6,1022,27.4,6.2,671.5,2.4,7,,Partially cloudy,partly-cloudy-day,"GMMW,60340099999"
Taourirt ,2025-02-01T15:00:00,60.8,60.8,37.4,41.74,0,0,,0,0,14.5,6.9,330,1021,27.4,6.2,632.4,2.3,6,,Partially cloudy,partly-cloudy-day,"GMMW,60340099999"
Taourirt ,2025-02-01T16:00:00,60.4,60.4,37.7,42.84,0,0,,0,0,17.2,12.1,330,1020.8,27.4,6.2,533.8,1.9,5,,Partially cloudy,partly-cloudy-day,"GMMW,60340099999"
Taourirt ,2025-02-01T17:00:00,59,59,41,51.21,0,0,,0,0,12.8,15,320,1020,27.4,6.2,376.1,1.4,4,,Partially cloudy,partly-cloudy-day,"GMMW,60340099999"
Taourirt ,2025-02-01T18:00:00,57.2,57.2,42.8,58.55,0,0,,0,0,12.3,15,320,1020,27.4,6.2,183,0.7,2,,Partially cloudy,partly-cloudy-day,"GMMW,60340099999"
Taourirt ,2025-02-01T19:00:00,55,55,44.2,66.88,0.142,100,rain,0,0,20.8,7.5,280,1020.2,27.4,5,24.7,0.1,0,,"Rain, Partially cloudy",rain,"GMMW,60340099999"
Taourirt ,2025-02-01T20:00:00,51.8,51.8,42.8,71.28,0,0,,0,0,10.3,5.8,230,1020,27.4,5,0,0,0,,Partially cloudy,partly-cloudy-night,"GMMW,60340099999"
Taourirt ,2025-02-01T21:00:00,50,47.8,41,71.09,0,0,,0,0,11,5.8,200,1020,27.4,5,0,0,0,,Partially cloudy,partly-cloudy-night,"GMMW,60340099999"
Taourirt ,2025-02-01T22:00:00,49.8,47,40.8,71.07,0,0,,0,0,8.1,6.9,220,1021.3,50,5,0,0,0,,Partially cloudy,partly-cloudy-night,"GMMW,60340099999"
Taourirt ,2025-02-01T23:00:00,48.2,45,41,76.03,0,0,,0,0,13,6.9,190,1021,50,5,0,0,0,,Partially cloudy,partly-cloudy-night,"GMMW,60340099999"
Taourirt ,2025-02-02T00:00:00,51.8,51.8,39.2,62.02,0,0,,0,0,13.4,8.1,200,1021,50,5,0,0,0,,Partially cloudy,partly-cloudy-night,"GMMW,60340099999"
Taourirt ,2025-02-02T01:00:00,51.4,51.4,37.8,59.57,0,0,,0,0,11.4,2.8,285,1021.1,50,5,0,0,0,,Partially cloudy,partly-cloudy-night,"GMMW,60340099999"
Taourirt ,2025-02-02T02:00:00,50,46.7,37.4,61.78,0,0,,0,0,13.9,8.1,190,1020,50,5,0,0,0,,Partially cloudy,partly-cloudy-night,"GMMW,60340099999"
Taourirt ,2025-02-02T03:00:00,50,46.7,37.4,61.78,0,0,,0,0,14.3,8.1,210,1019,50,5,0,0,0,,Partially cloudy,partly-cloudy-night,"GMMW,60340099999"
Taourirt ,2025-02-02T04:00:00,48.3,45.2,37.5,66.08,0,0,,0,0,12.8,6.9,210,1019.3,50,5,0,0,0,,Partially cloudy,partly-cloudy-night,"GMMW,60340099999"
Taourirt ,2025-02-02T05:00:00,50,47.2,37.4,61.78,0,0,,0,0,15,6.9,220,1019,50,5,0,0,0,,Partially cloudy,partly-cloudy-night,"GMMW,60340099999"
Taourirt ,2025-02-02T06:00:00,50,48.4,39.2,66.29,0,0,,0,0,15.4,4.7,200,1019,50,5,0,0,0,,Partially cloudy,partly-cloudy-night,"GMMW,60340099999"
Taourirt ,2025-02-02T07:00:00,48.2,46.3,42.9,81.76,0,0,,0,0,10.3,4.7,225,1019.5,50,5,0,0,0,,Partially cloudy,partly-cloudy-night,"GMMW,60340099999"
Taourirt ,2025-02-02T08:00:00,48.2,46,44.6,87.16,0,0,,0,0,11.9,5.2,230,1020,50,4.1,0,0,0,,Partially cloudy,partly-cloudy-night,"GMMW,60340099999"
Taourirt ,2025-02-02T09:00:00,50,47.8,46.4,87.38,0,0,,0,0,11.2,5.8,220,1020,50,3.1,27.9,0.1,0,,Partially cloudy,partly-cloudy-day,"GMMW,60340099999"
Taourirt ,2025-02-02T10:00:00,51.9,51.9,48,86.62,0.024,100,rain,0,0,8.1,2.8,250,1020.5,54.9,3.1,150.3,0.5,2,,"Rain, Partially cloudy",rain,"GMMW,60340099999"
Taourirt ,2025-02-02T11:00:00,55.4,55.4,50,82.01,0,0,,0,0,14.3,3.4,190,1020,50,3.1,196.2,0.7,2,,Partially cloudy,partly-cloudy-day,"GMMW,60340099999"
Taourirt ,2025-02-02T12:00:00,59,59,48.2,67.36,0,0,,0,0,15.2,9.2,310,1020,50,4.3,259.8,0.9,3,,Partially cloudy,partly-cloudy-day,"GMMW,60340099999"
Taourirt ,2025-02-02T13:00:00,60.4,60.4,50.3,69.09,0.008,100,rain,0,0,19.7,15,315,1020.1,54.9,4.3,378,1.4,4,,"Rain, Partially cloudy",rain,"GMMW,60340099999"
Taourirt ,2025-02-02T14:00:00,60.8,60.8,50,67.56,0,0,,0,0,17.4,12.8,340,1019,50,5,512.4,1.8,5,,Partially cloudy,partly-cloudy-day,"GMMW,60340099999"
Taourirt ,2025-02-02T15:00:00,60.8,60.8,46.4,59.04,0,0,,0,0,17.4,15,320,1019,50,5,394.6,1.4,4,,Partially cloudy,partly-cloudy-day,"GMMW,60340099999"
Taourirt ,2025-02-02T16:00:00,60.8,60.8,48,62.76,0,0,,0,0,26.4,17.8,330,1019.2,50,5,365.4,1.3,4,,Partially cloudy,partly-cloudy-day,"GMMW,60340099999"
Taourirt ,2025-02-02T17:00:00,59,59,48.2,67.36,0,0,,0,0,16.6,16.1,330,1019,50,5,266.1,1,3,,Partially cloudy,partly-cloudy-day,"GMMW,60340099999"
Taourirt ,2025-02-02T18:00:00,59,59,46.4,62.95,0,0,,0,0,15.7,8.1,320,1019,50,5,120.7,0.4,1,,Partially cloudy,partly-cloudy-day,"GMMW,60340099999"
Taourirt ,2025-02-02T19:00:00,56.8,56.8,48.3,73.24,0.11,100,rain,0,0,26.4,10.3,330,1020.1,45.1,5,20.9,0.1,0,,"Rain, Partially cloudy",rain,"GMMW,60340099999"
Taourirt ,2025-02-02T20:00:00,53.6,53.6,48.2,81.88,0,0,,0,0,6.7,2.2,160,1020,50,5,0,0,0,,Partially cloudy,partly-cloudy-night,"GMMW,60340099999"
Taourirt ,2025-02-02T21:00:00,51.8,51.8,48.2,87.48,0,0,,0,0,6,4.7,210,1021,50,5,0,0,0,,Partially cloudy,partly-cloudy-night,"GMMW,60340099999"
Taourirt ,2025-02-02T22:00:00,51.4,51.4,48,88.04,0,0,,0,0,11.4,4,190,1021.2,45.1,5,0,0,0,,Partially cloudy,partly-cloudy-night,"GMMW,60340099999"
Taourirt ,2025-02-02T23:00:00,50,50,48.2,93.5,0,0,,0,0,6.5,2.2,185.9,1021,89,5,0,0,0,,Partially cloudy,partly-cloudy-night,"GMMW,60340099999"
Taourirt ,2025-02-03T00:00:00,50,50,48.2,93.5,0,0,,0,0,6.7,2.2,220,1021,89,5,0,0,0,,Partially cloudy,partly-cloudy-night,"GMMW,60340099999"
Taourirt ,2025-02-03T01:00:00,48.3,48.3,46.4,93.15,0,0,,0,0,8.1,1.1,120,1020.6,74.3,5,0,0,0,,Partially cloudy,partly-cloudy-night,"GMMW,60340099999"
Taourirt ,2025-02-03T02:00:00,50,48.4,48.2,93.5,0,0,,0,0,8.3,4.7,110,1020,89,5,0,0,0,,Partially cloudy,partly-cloudy-night,"GMMW,60340099999"
Taourirt ,2025-02-03T03:00:00,48.2,47.3,48.2,100,0,0,,0,0,8.5,3.4,160,1019,89,6.2,0,0,0,,Partially cloudy,partly-cloudy-night,"GMMW,60340099999"
Taourirt ,2025-02-03T04:00:00,49.6,49.6,46.5,89.12,0,0,,0,0,8.1,1.1,300,1019.4,74.3,6.2,0,0,0,,Partially cloudy,partly-cloudy-night,"GMMW,60340099999"
Taourirt ,2025-02-03T05:00:00,50,50,46.4,87.38,0,0,,0,0,7.2,2.2,90,1019,89,6.2,0,0,0,,Partially cloudy,partly-cloudy-night,"GMMW,60340099999"
Taourirt ,2025-02-03T06:00:00,50,47.2,46.4,87.38,0,0,,0,0,7.2,6.9,100,1018,89,6.2,0,0,0,,Partially cloudy,partly-cloudy-night,"GMMW,60340099999"
Taourirt ,2025-02-03T07:00:00,50.3,50.3,46,85.39,0,0,,0,0,10.3,3.4,160,1018.1,74.3,6.2,0,0,0,,Partially cloudy,partly-cloudy-night,"GMMW,60340099999"
Taourirt ,2025-02-03T08:00:00,51.8,51.8,46.4,81.75,0,0,,0,0,9.6,5.8,160,1017,100,6.2,0,0,0,,Overcast,cloudy,"GMMW,60340099999"
Taourirt ,2025-02-03T09:00:00,51.8,51.8,46.4,81.75,0,0,,0,0,10.5,2.2,159,1017,100,6.2,27.8,0.1,0,,Overcast,cloudy,"GMMW,60340099999"
Taourirt ,2025-02-03T10:00:00,51.6,51.6,48.5,88.92,0.031,100,rain,0,0,13.9,4,90,1017.6,95.1,5,108.6,0.4,1,,"Rain, Overcast",rain,"GMMW,60340099999"
Taourirt ,2025-02-03T11:00:00,51.8,51.8,50,93.55,0,0,,0,0,12.3,3.4,330,1018,89,3.7,105.2,0.4,1,,Partially cloudy,partly-cloudy-day,"GMMW,60340099999"
Taourirt ,2025-02-03T12:00:00,55.4,55.4,51.8,87.66,0,0,,0,0,19.7,6.9,40,1018,89,3.7,170.1,0.6,2,,Partially cloudy,partly-cloudy-day,"GMMW,60340099999"
Taourirt ,2025-02-03T13:00:00,58.8,58.8,47.8,66.89,0.039,100,rain,0,0,12.8,6.4,215,1017.9,74.3,3.7,226.6,0.8,2,,"Rain, Partially cloudy",rain,"GMMW,60340099999"
Taourirt ,2025-02-03T14:00:00,57.2,57.2,48.2,71.85,0,0,,0,0,22.6,11.4,230,1017,100,3.7,366.3,1.3,4,,Overcast,cloudy,"GMMW,60340099999"
Taourirt ,2025-02-03T15:00:00,59,59,48.2,67.36,0,0,,0,0,19.5,3.4,250,1016,100,3.7,397.4,1.4,4,,Overcast,cloudy,"GMMW,60340099999"
Taourirt ,2025-02-03T16:00:00,52.1,52.1,47.8,85.49,0.118,100,rain,0,0,40.3,12.1,335,1017.4,89,4.3,408.1,1.5,4,,"Rain, Partially cloudy",rain,"GMMW,60340099999"
Taourirt ,2025-02-03T17:00:00,53.6,53.6,46.4,76.52,0,0,,0,0,20.6,1.1,258.3,1018,89,5,293.8,1.1,3,,Partially cloudy,partly-cloudy-day,"GMMW,60340099999"
Taourirt ,2025-02-03T18:00:00,53.6,53.6,46.4,76.52,0,0,,0,0,18.1,6.9,330,1019,89,5,135.6,0.5,1,,Partially cloudy,partly-cloudy-day,"GMMW,60340099999"
Taourirt ,2025-02-03T19:00:00,51.6,51.6,48.5,88.92,0,0,,0,0,16.1,2.2,165,1019.5,89,5,19.4,0.1,0,,Partially cloudy,partly-cloudy-night,"GMMW,60340099999"
Taourirt ,2025-02-03T20:00:00,48.2,45,44.6,87.29,0,0,,0,0,10.1,6.9,330,1020,89,3.1,0,0,0,,Partially cloudy,partly-cloudy-night,"GMMW,60340099999"
Taourirt ,2025-02-03T21:00:00,48.2,45.6,44.6,87.29,0,0,,0,0,10.3,5.8,210,1021,89,5,0,0,0,,Partially cloudy,partly-cloudy-night,"GMMW,60340099999"
Taourirt ,2025-02-03T22:00:00,46.7,44.5,44.6,92.48,0.157,100,rain,0,0,25.3,4.7,210,1021.6,89,5,0,0,0,,"Rain, Partially cloudy",rain,"GMMW,60340099999"
Taourirt ,2025-02-03T23:00:00,46.4,43.5,44.6,93.4,0,0,,0,0,10.3,5.8,230,1022,89,6.2,0,0,0,,Partially cloudy,partly-cloudy-night,"GMMW,60340099999"
Taourirt ,2025-02-04T00:00:00,46.4,46.4,44.6,93.4,0,0,,0,0,8.7,2.2,310,1022,89,6.2,0,0,0,,Partially cloudy,partly-cloudy-night,"GMMW,60340099999"
Taourirt ,2025-02-04T01:00:00,46,43.8,42.9,88.66,0,0,,0,0,6.9,4.7,225,1022.5,54.9,6.2,0,0,0,,Partially cloudy,partly-cloudy-night,"GMMW,60340099999"
Taourirt ,2025-02-04T02:00:00,46.4,46.4,41,81.35,0,0,,0,0,6.5,2.2,190,1022,50,6.2,0,0,0,,Partially cloudy,partly-cloudy-night,"GMMW,60340099999"
Taourirt ,2025-02-04T03:00:00,42.8,41.2,41,93.3,0,0,,0,0,6.7,3.4,280,1022,50,6.2,0,0,0,,Partially cloudy,partly-cloudy-night,"GMMW,60340099999"
Taourirt ,2025-02-04T04:00:00,43.1,40.3,41.3,93.31,0,0,,0,0,5.8,4.7,210,1023.2,84.1,6.2,0,0,0,,Partially cloudy,partly-cloudy-night,"GMMW,60340099999"
Taourirt ,2025-02-04T05:00:00,42.8,41.2,41,93.3,0,0,,0,0,6.3,3.4,230,1023,89,6.2,0,0,0,,Partially cloudy,partly-cloudy-night,"GMMW,60340099999"
Taourirt ,2025-02-04T06:00:00,41,41,39.2,93.25,0,0,,0,0,6.3,1.1,186.5,1023,89,6.2,0,0,0,,Partially cloudy,partly-cloudy-night,"GMMW,60340099999"
Taourirt ,2025-02-04T07:00:00,42.4,42.4,40.6,93.61,0,0,,0,0,6.9,2.8,210,1023.8,84.1,6.2,0,0,0,,Partially cloudy,partly-cloudy-night,"GMMW,60340099999"
Taourirt ,2025-02-04T08:00:00,42.8,41.2,41,93.3,0,0,,0,0,5.8,3.4,260,1024,89,6.2,0,0,0,,Partially cloudy,partly-cloudy-night,"GMMW,60340099999"
Taourirt ,2025-02-04T09:00:00,44.6,43.2,42.8,93.35,0,0,,0,0,6,3.4,230,1025,89,6.2,39.1,0.1,0,,Partially cloudy,partly-cloudy-day,"GMMW,60340099999"
Taourirt ,2025-02-04T10:00:00,50.1,50.1,44.4,80.81,0,0,,0,0,8.1,4,180,1025.5,84.1,6.2,183.5,0.7,2,,Partially cloudy,partly-cloudy-day,"GMMW,60340099999"
Taourirt ,2025-02-04T11:00:00,53.6,53.6,46.4,76.52,0,0,,0,0,10.5,5.8,170,1026,89,6.2,356.7,1.3,4,,Partially cloudy,partly-cloudy-day,"GMMW,60340099999"
Taourirt ,2025-02-04T12:00:00,55.4,55.4,42.8,62.48,0,0,,0,0,11.2,2.2,246.4,1026,89,6.2,480.5,1.7,5,,Partially cloudy,partly-cloudy-day,"GMMW,60340099999"
Taourirt ,2025-02-04T13:00:00,53.7,53.7,44.7,71.48,0,0,,0,0,10.3,9.2,305,1026.3,84.1,6.2,504.5,1.8,5,,Partially cloudy,partly-cloudy-day,"GMMW,60340099999"
Taourirt ,2025-02-04T14:00:00,55.4,55.4,44.6,66.93,0,0,,0,0,10.5,9.2,290,1026,89,6.2,357,1.3,4,,Partially cloudy,partly-cloudy-day,"GMMW,60340099999"
Taourirt ,2025-02-04T15:00:00,57.2,57.2,46.4,67.15,0,0,,0,0,9.6,8.1,300,1025,50,6.2,305.9,1.1,3,,Partially cloudy,partly-cloudy-day,"GMMW,60340099999"
Taourirt ,2025-02-04T16:00:00,57.3,57.3,46,65.83,0,0,,0,0,13.9,4.7,310,1025.3,50,6.2,223.7,0.8,2,,Partially cloudy,partly-cloudy-day,"GMMW,60340099999"
Taourirt ,2025-02-04T17:00:00,57.2,57.2,46.4,67.15,0,0,,0,0,11.4,3.4,330,1026,50,6.2,151.4,0.5,2,,Partially cloudy,partly-cloudy-day,"GMMW,60340099999"
Taourirt ,2025-02-04T18:00:00,55.4,55.4,46.4,71.66,0,0,,0,0,12.3,11.4,30,1026,50,6.2,97.1,0.3,1,,Partially cloudy,partly-cloudy-day,"GMMW,60340099999"
Taourirt ,2025-02-04T19:00:00,53.7,53.7,48,81.08,0,0,,0,0,13.9,5.8,30,1027.4,69.6,6.2,10.8,0,0,,Partially cloudy,partly-cloudy-night,"GMMW,60340099999"
Taourirt ,2025-02-04T20:00:00,53.6,53.6,48.2,81.88,0,0,,0,0,7.8,4.7,20,1028,50,5,0,0,0,,Partially cloudy,partly-cloudy-night,"GMMW,60340099999"
Taourirt ,2025-02-04T21:00:00,51.8,51.8,48.2,87.48,0,0,,0,0,7.2,1.1,18.1,1029,50,5,0,0,0,,Partially cloudy,partly-cloudy-night,"GMMW,60340099999"
Taourirt ,2025-02-04T22:00:00,48.2,46.8,46.5,93.77,0,0,,0,0,10.3,4,280,1029.5,69.6,5,0,0,0,,Partially cloudy,partly-cloudy-night,"GMMW,60340099999"
Taourirt ,2025-02-04T23:00:00,48.2,47.3,46.4,93.45,0,0,,0,0,5.8,3.4,290,1030,50,5,0,0,0,,Partially cloudy,partly-cloudy-night,"GMMW,60340099999"
Taourirt ,2025-02-05T00:00:00,48.2,46.3,46.4,93.45,0,0,,0,0,5.6,4.7,230,1030,50,5,0,0,0,,Partially cloudy,partly-cloudy-night,"GMMW,60340099999"
Taourirt ,2025-02-05T01:00:00,46.7,45.6,46,97.7,0,0,,0,0,5.8,3.4,275,1030.5,69.6,5,0,0,0,,Partially cloudy,partly-cloudy-night,"GMMW,60340099999"
Taourirt ,2025-02-05T02:00:00,46.4,45.3,44.6,93.4,0,0,,0,0,5.1,3.4,270,1030,50,5,0,0,0,,Partially cloudy,partly-cloudy-night,"GMMW,60340099999"
Taourirt ,2025-02-05T03:00:00,44.6,43.2,44.6,100,0,0,,0,0,4.3,3.4,300,1030,50,5,0,0,0,,Partially cloudy,partly-cloudy-night,"GMMW,60340099999"
Taourirt ,2025-02-05T04:00:00,42.9,40.1,42.8,99.66,0,0,,0,0,6.9,4.7,300,1030.4,69.6,5,0,0,0,,Partially cloudy,partly-cloudy-night,"GMMW,60340099999"
Taourirt ,2025-02-05T05:00:00,42.8,40,42.8,100,0,0,,0,0,3.6,4.7,250,1030,50,5,0,0,0,,Partially cloudy,partly-cloudy-night,"GMMW,60340099999"
Taourirt ,2025-02-05T06:00:00,41,37.1,41,100,0,0,,0,0,3.1,5.8,290,1030,50,5,0,0,0,,Partially cloudy,partly-cloudy-night,"GMMW,60340099999"
Taourirt ,2025-02-05T07:00:00,41.1,39.2,40.8,98.98,0,0,,0,0,6.9,3.4,300,1030.7,69.6,5,0,0,0,,Partially cloudy,partly-cloudy-night,"GMMW,60340099999"
Taourirt ,2025-02-05T08:00:00,41,39.1,41,100,0,0,,0,0,3.6,3.4,250,1030,27.4,5,0,0,0,,Partially cloudy,partly-cloudy-night,"GMMW,60340099999"
Taourirt ,2025-02-05T09:00:00,41,41,41,100,0,0,,0,0,4.9,1.1,260,1031,0,3.1,28.2,0.1,0,,Clear,clear-day,"GMMW,60340099999"
Taourirt ,2025-02-05T10:00:00,46.2,46.2,46,99.34,0,0,,0,0,4.7,1.7,230,1031.6,100,3.1,129.5,0.5,1,,Overcast,cloudy,"GMMW,60340099999"
Taourirt ,2025-02-05T11:00:00,51.8,51.8,48.2,87.48,0,0,,0,0,6.7,3.4,290,1032,27.4,5,291.4,1,3,,Partially cloudy,partly-cloudy-day,"GMMW,60340099999"
Taourirt ,2025-02-05T12:00:00,55.4,55.4,46.4,71.66,0,0,,0,0,7.8,2.2,70.6,1032,27.4,5,434.8,1.6,4,,Partially cloudy,partly-cloudy-day,"GMMW,60340099999"
Taourirt ,2025-02-05T13:00:00,57.3,57.3,46,65.83,0,0,,0,0,8.1,3.4,50,1031.2,50,5,549.6,2,5,,Partially cloudy,partly-cloudy-day,"GMMW,60340099999"
Taourirt ,2025-02-05T14:00:00,59,59,44.6,58.79,0,0,,0,0,9.4,5.8,60,1030,50,6.2,588.7,2.1,6,,Partially cloudy,partly-cloudy-day,"GMMW,60340099999"
Taourirt ,2025-02-05T15:00:00,59,59,46.4,62.95,0,0,,0,0,11.2,9.2,60,1029,50,6.2,588.3,2.1,6,,Partially cloudy,partly-cloudy-day,"GMMW,60340099999"
Taourirt ,2025-02-05T16:00:00,58.6,58.6,46.2,63.32,0,0,,0,0,18.3,12.1,60,1029.2,50,6.2,511.2,1.8,5,,Partially cloudy,partly-cloudy-day,"GMMW,60340099999"
Taourirt ,2025-02-05T17:00:00,57.2,57.2,44.6,62.72,0,0,,0,0,12.5,12.8,60,1029,50,6.2,296.7,1.1,3,,Partially cloudy,partly-cloudy-day,"GMMW,60340099999"
Taourirt ,2025-02-05T18:00:00,55.4,55.4,46.4,71.66,0,0,,0,0,14.5,13.9,60,1029,50,6.2,189.1,0.7,2,,Partially cloudy,partly-cloudy-day,"GMMW,60340099999"
Taourirt ,2025-02-05T19:00:00,53.9,53.9,47.8,80.03,0.142,100,rain,0,0,18.3,9.7,60,1030.1,45.1,6.2,31.1,0.1,0,,"Rain, Partially cloudy",rain,"GMMW,60340099999"
Taourirt ,2025-02-05T20:00:00,51.8,51.8,46.4,81.75,0,0,,0,0,13.6,3.4,130,1030,50,6.2,0,0,0,,Partially cloudy,partly-cloudy-night,"GMMW,60340099999"
Taourirt ,2025-02-05T21:00:00,50,49.4,48.2,93.5,0,0,,0,0,13.2,3.4,120,1030,50,6.2,0,0,0,,Partially cloudy,partly-cloudy-night,"GMMW,60340099999"
Taourirt ,2025-02-05T22:00:00,51.4,51.4,48,88.04,0,0,,0,0,10.3,2.2,70,1031.1,88,4.3,0,0,0,,Partially cloudy,partly-cloudy-night,"GMMW,60340099999"
Taourirt ,2025-02-05T23:00:00,48.2,48.2,44.6,87.29,0,0,,0,0,7.2,2.2,140,1030,89,3.7,0,0,0,,Partially cloudy,partly-cloudy-night,"GMMW,60340099999"
Taourirt ,2025-02-06T00:00:00,44.6,41.3,42.8,93.35,0,0,,0,0,5.8,5.8,280,1030,50,3.7,0,0,0,,Partially cloudy,partly-cloudy-night,"GMMW,60340099999"
Taourirt ,2025-02-06T01:00:00,45,41.9,44.7,98.67,0,0,,0,0,6.9,5.8,285,1030.5,50,3.7,0,0,0,,Partially cloudy,partly-cloudy-night,"GMMW,60340099999"
Taourirt ,2025-02-06T02:00:00,44.6,42.1,44.6,100,0,0,,0,0,5.4,4.7,260,1030,50,3.7,0,0,0,,Partially cloudy,partly-cloudy-night,"GMMW,60340099999"
Taourirt ,2025-02-06T03:00:00,44.6,44.6,44.6,100,0,0,,0,0,4.5,2.2,300,1029,50,3.7,0,0,0,,Partially cloudy,partly-cloudy-night,"GMMW,60340099999"
Taourirt ,2025-02-06T04:00:00,41,39.1,40.6,98.65,0,0,,0,0,8.1,3.4,250,1029.5,50,3.7,0,0,0,,Partially cloudy,partly-cloudy-night,"GMMW,60340099999"
Taourirt ,2025-02-06T05:00:00,41,37.1,39.2,93.25,0,0,,0,0,4.5,5.8,280,1029,50,3.7,0,0,0,,Partially cloudy,partly-cloudy-night,"GMMW,60340099999"
Taourirt ,2025-02-06T06:00:00,41,39.1,39.2,93.25,0,0,,0,0,5.6,3.4,270,1029,50,3.7,0,0,0,,Partially cloudy,partly-cloudy-night,"GMMW,60340099999"
Taourirt ,2025-02-06T07:00:00,40.8,40.8,39.7,95.84,0,0,,0,0,5.8,2.2,340,1028.8,45.1,3.7,0,0,0,,Partially cloudy,partly-cloudy-night,"GMMW,60340099999"
Taourirt ,2025-02-06T08:00:00,41,39.1,41,100,0,0,,0,0,5.6,3.4,290,1029,50,3.7,0,0,0,,Partially cloudy,partly-cloudy-night,"GMMW,60340099999"
Taourirt ,2025-02-06T09:00:00,39.2,39.2,37.4,93.2,0,0,,0,0,5.6,2.2,280,1029,0,3.1,36.7,0.1,0,,Clear,clear-day,"GMMW,60340099999"
Taourirt ,2025-02-06T10:00:00,45.1,45.1,44.7,98.34,0,0,,0,0,5.8,2.2,290,1029.4,68.3,3.1,199.1,0.7,2,,Partially cloudy,partly-cloudy-day,"GMMW,60340099999"
Taourirt ,2025-02-06T11:00:00,51.8,51.8,46.4,81.75,0,0,,0,0,6,1.1,215.4,1029,0,3.1,363.6,1.3,4,,Clear,clear-day,"GMMW,60340099999"
Taourirt ,2025-02-06T12:00:00,55.4,55.4,46.4,71.66,0,0,,0,0,8.1,2.2,266.3,1029,0,3.1,557.7,2,6,,Clear,clear-day,"GMMW,60340099999"
Taourirt ,2025-02-06T13:00:00,57.3,57.3,46.2,66.49,0,0,,0,0,11.4,3.4,50,1028.1,27.4,3.7,654,2.4,7,,Partially cloudy,partly-cloudy-day,"GMMW,60340099999"
Taourirt ,2025-02-06T14:00:00,59,59,44.6,58.79,0,0,,0,0,9.2,4.7,50,1027,27.4,3.7,699.5,2.5,7,,Partially cloudy,partly-cloudy-day,"GMMW,60340099999"
Taourirt ,2025-02-06T15:00:00,60.2,60.2,42.5,52.1,0,0,,0,0,10.5,4.3,0,1027,26.7,,650.1,2.3,7,,Partially cloudy,partly-cloudy-day,remote
Taourirt ,2025-02-06T16:00:00,59,59,46,62.11,0,0,,0,0,15,9.2,50,1026.2,27.4,5,459.9,1.7,5,,Partially cloudy,partly-cloudy-day,"GMMW,60340099999"
Taourirt ,2025-02-06T17:00:00,59,59,46.4,62.95,0,0,,0,0,13,10.3,50,1026,27.4,5,352.7,1.3,4,,Partially cloudy,partly-cloudy-day,"GMMW,60340099999"
Taourirt ,2025-02-06T18:00:00,57.2,57.2,44.6,62.72,0,0,,0,0,14.1,10.3,70,1026,27.4,5,193.3,0.7,2,,Partially cloudy,partly-cloudy-day,"GMMW,60340099999"
Taourirt ,2025-02-06T19:00:00,53.9,53.9,46,74.78,0.142,100,rain,0,0,15,9.2,60,1026.3,27.4,5,30.3,0.1,0,,"Rain, Partially cloudy",rain,"GMMW,60340099999"
Taourirt ,2025-02-06T20:00:00,51.8,51.8,46.4,81.75,0,0,,0,0,10.3,5.8,70,1026,27.4,5,0,0,0,,Partially cloudy,partly-cloudy-night,"GMMW,60340099999"
Taourirt ,2025-02-06T21:00:00,48.2,45.6,44.6,87.29,0,0,,0,0,8.5,5.8,130,1026,27.4,5,0,0,0,,Partially cloudy,partly-cloudy-night,"GMMW,60340099999"
Taourirt ,2025-02-06T22:00:00,46,43.8,44,92.46,0,0,,0,0,10.3,4.7,180,1026.4,27.4,3.7,0,0,0,,Partially cloudy,partly-cloudy-night,"GMMW,60340099999"
Taourirt ,2025-02-06T23:00:00,44.6,44.6,42.8,93.35,0,0,,0,0,5.8,2.2,200,1026,27.4,3.7,0,0,0,,Partially cloudy,partly-cloudy-night,"GMMW,60340099999"
Taourirt ,2025-02-07T00:00:00,42.8,39.2,41,93.3,0,0,,0,0,3.6,5.8,290,1026,27.4,3.7,0,0,0,,Partially cloudy,partly-cloudy-night,"GMMW,60340099999"
Taourirt ,2025-02-07T01:00:00,41.3,37.4,39.5,93.26,0,0,,0,0,6.9,5.8,220,1025.6,27.4,3.7,0,0,0,,Partially cloudy,partly-cloudy-night,"GMMW,60340099999"
Taourirt ,2025-02-07T02:00:00,41,39.1,39.2,93.25,0,0,,0,0,2.9,3.4,260,1025,27.4,3.7,0,0,0,,Partially cloudy,partly-cloudy-night,"GMMW,60340099999"
Taourirt ,2025-02-07T03:00:00,39.2,39.2,39.2,100,0,0,,0,0,3.6,2.2,250,1024,27.4,3.7,0,0,0,,Partially cloudy,partly-cloudy-night,"GMMW,60340099999"
Taourirt ,2025-02-07T04:00:00,39.5,39.5,39.2,98.98,0,0,,0,0,5.8,1.1,240,1024.4,30,3.7,0,0,0,,Partially cloudy,partly-cloudy-night,"GMMW,60340099999"
Taourirt ,2025-02-07T05:00:00,39.2,35.8,37.4,93.2,0,0,,0,0,6.5,4.7,230,1023,0,3.7,0,0,0,,Clear,clear-night,"GMMW,60340099999"
Taourirt ,2025-02-07T06:00:00,39.2,37,37.4,93.2,0,0,,0,0,6.7,3.4,220,1023,0,3.7,0,0,0,,Clear,clear-night,"GMMW,60340099999"
Taourirt ,2025-02-07T07:00:00,37,34.5,35.4,94.11,0,0,,0,0,5.8,3.4,245,1023.5,30,3.7,0,0,0,,Partially cloudy,partly-cloudy-night,"GMMW,60340099999"
Taourirt ,2025-02-07T08:00:00,35.6,31.6,35.6,100,0,0,,0,0,5.4,4.7,230,1023,0,3.7,0,0,0,,Clear,clear-night,"GMMW,60340099999"
Taourirt ,2025-02-07T09:00:00,39.2,35.8,37.4,93.2,0,0,,0,0,5.8,4.7,280,1023,0,3.7,49,0.2,0,,Clear,clear-day,"GMMW,60340099999"
Taourirt ,2025-02-07T10:00:00,46.7,45.6,41.1,80.82,0,0,,0,0,5.8,3.4,240,1023.4,30,3.7,210.2,0.8,2,,Partially cloudy,partly-cloudy-day,"GMMW,60340099999"
Taourirt ,2025-02-07T11:00:00,51.8,51.8,42.8,71.28,0,0,,0,0,10.1,2.2,202.1,1023,0,3.7,415.3,1.5,4,,Clear,clear-day,"GMMW,60340099999"
Taourirt ,2025-02-07T12:00:00,53.6,53.6,42.8,66.72,0,0,,0,0,12.1,4.7,310,1023,0,3.7,580.4,2.1,6,,Clear,clear-day,"GMMW,60340099999"
Taourirt ,2025-02-07T13:00:00,57.3,57.3,42.6,57.97,0,0,,0,0,9.2,3.4,25,1022.1,30,3.7,680.7,2.5,7,,Partially cloudy,partly-cloudy-day,"GMMW,60340099999"
Taourirt ,2025-02-07T14:00:00,60.8,60.8,41,48.03,0,0,,0,0,14.3,3.4,220.1,1021,0,3.7,710.7,2.6,7,,Clear,clear-day,"GMMW,60340099999"
Taourirt ,2025-02-07T15:00:00,62.6,62.6,37.4,39.17,0,0,,0,0,13.9,4.7,330,1020,0,5,670.3,2.4,7,,Clear,clear-day,"GMMW,60340099999"
Taourirt ,2025-02-07T16:00:00,62.7,62.7,37.7,39.45,0,0,,0,0,15,10.9,305,1020.1,30,5,565.7,2,6,,Partially cloudy,partly-cloudy-day,"GMMW,60340099999"
Taourirt ,2025-02-07T17:00:00,62.6,62.6,39.2,42.03,0,0,,0,0,9.8,10.3,330,1020,0,5,406.7,1.5,4,,Clear,clear-day,"GMMW,60340099999"
Taourirt ,2025-02-07T18:00:00,60.8,60.8,39.2,44.79,0,0,,0,0,7.8,8.1,320,1020,0,5,212.5,0.8,2,,Clear,clear-day,"GMMW,60340099999"
Taourirt ,2025-02-07T19:00:00,57.5,57.5,39.3,50.63,0.142,100,rain,0,0,15,2.2,335,1020.4,30,5,36.2,0.1,0,,"Rain, Partially cloudy",rain,"GMMW,60340099999"
Taourirt ,2025-02-07T20:00:00,53.6,53.6,39.2,58.05,0,0,,0,0,5.8,4.7,280,1021,0,5,0,0,0,,Clear,clear-night,"GMMW,60340099999"
Taourirt ,2025-02-07T21:00:00,50,47.2,41,71.09,0,0,,0,0,6.3,6.9,200,1021,0,5,0,0,0,,Clear,clear-night,"GMMW,60340099999"
Taourirt ,2025-02-07T22:00:00,46.4,44.2,41,81.35,0,0,,0,0,7.4,4.7,220,1021,0,5,0,0,0,,Clear,clear-night,"GMMW,60340099999"
Taourirt ,2025-02-07T23:00:00,44.6,42.1,39.2,81.22,0,0,,0,0,7.4,4.7,240,1022,0,5,0,0,0,,Clear,clear-night,"GMMW,60340099999"
Taourirt ,2025-02-08T00:00:00,44.6,42.1,39.2,81.22,0,0,,0,0,8.5,4.7,230,1022,0,5,0,0,0,,Clear,clear-night,"GMMW,60340099999"
Taourirt ,2025-02-08T01:00:00,44.7,41.4,39.5,81.78,0,0,,0,0,8.1,5.8,290,1022.4,30,5,0,0,0,,Partially cloudy,partly-cloudy-night,"GMMW,60340099999"
Taourirt ,2025-02-08T02:00:00,41,39.1,37.4,86.9,0,0,,0,0,10.1,3.4,230,1022,27.4,5,0,0,0,,Partially cloudy,partly-cloudy-night,"GMMW,60340099999"
Taourirt ,2025-02-08T03:00:00,41,37.1,37.4,86.9,0,0,,0,0,10.1,5.8,290,1021,27.4,5,0,0,0,,Partially cloudy,partly-cloudy-night,"GMMW,60340099999"
Taourirt ,2025-02-08T04:00:00,41.1,41.1,37.9,88.42,0,0,,0,0,6.9,2.2,270,1021.7,27.4,5,0,0,0,,Partially cloudy,partly-cloudy-night,"GMMW,60340099999"
Taourirt ,2025-02-08T05:00:00,39.2,34.2,37.4,93.2,0,0,,0,0,9.6,6.9,220,1021,27.4,5,0,0,0,,Partially cloudy,partly-cloudy-night,"GMMW,60340099999"
Taourirt ,2025-02-08T06:00:00,41,37.1,35.6,80.94,0,0,,0,0,9.2,5.8,200,1021,27.4,5,0,0,0,,Partially cloudy,partly-cloudy-night,"GMMW,60340099999"
Taourirt ,2025-02-08T07:00:00,46.5,41.6,34.1,61.74,0,0,,0,0,13.9,10.3,190,1022.3,27.4,5,0,0,0,,Partially cloudy,partly-cloudy-night,"GMMW,60340099999"
Taourirt ,2025-02-08T08:00:00,48.2,43.7,35.6,61.54,0,0,,0,0,9.6,10.3,200,1022,50,5,0,0,0,,Partially cloudy,partly-cloudy-night,"GMMW,60340099999"
Taourirt ,2025-02-08T09:00:00,51.8,51.8,37.4,57.79,0,0,,0,0,9.4,6.9,190,1023,50,5,48.5,0.2,0,,Partially cloudy,partly-cloudy-day,"GMMW,60340099999"
Taourirt ,2025-02-08T10:00:00,55.7,55.7,41.1,57.94,0,0,,0,0,16.1,4.7,165,1023.3,45.1,5,209.5,0.8,2,,Partially cloudy,partly-cloudy-day,"GMMW,60340099999"
Taourirt ,2025-02-08T11:00:00,60.8,60.8,41,48.03,0,0,,0,0,15.2,5.8,190,1023,50,5,390.9,1.4,4,,Partially cloudy,partly-cloudy-day,"GMMW,60340099999"
Taourirt ,2025-02-08T12:00:00,62.6,62.6,33.8,33.96,0,0,,0,0,18.6,2.2,217.7,1024,50,5,556.2,2,6,,Partially cloudy,partly-cloudy-day,"GMMW,60340099999"
Taourirt ,2025-02-08T13:00:00,64.7,64.7,33.9,31.7,0,0,,0,0,11.4,2.2,20,1023.1,45.1,6.2,652.2,2.3,7,,Partially cloudy,partly-cloudy-day,"GMMW,60340099999"
Taourirt ,2025-02-08T14:00:00,66.2,66.2,41,39.75,0,0,,0,0,20.4,10.3,340,1023,6.1,6.2,675.5,2.4,7,,Clear,clear-day,"GMMW,60340099999"
Taourirt ,2025-02-08T15:00:00,68,68,46.4,45.91,0,0,,0,0,19.7,10.3,330,1022,27.4,6.2,572.4,2.1,6,,Partially cloudy,partly-cloudy-day,"GMMW,60340099999"
Taourirt ,2025-02-08T16:00:00,64.7,64.7,51.9,63.25,0,0,,0,0,20.8,15,320,1022,27.4,6.2,384.2,1.4,4,,Partially cloudy,partly-cloudy-day,"GMMW,60340099999"
Taourirt ,2025-02-08T17:00:00,64.4,64.4,51.8,63.62,0,0,,0,0,13.2,13.9,320,1022,27.4,6.2,295.1,1.1,3,,Partially cloudy,partly-cloudy-day,"GMMW,60340099999"
Taourirt ,2025-02-08T18:00:00,62.6,62.6,51.8,67.77,0,0,,0,0,10.5,15,320,1022,27.4,6.2,172.5,0.6,2,,Partially cloudy,partly-cloudy-day,"GMMW,60340099999"
Taourirt ,2025-02-08T19:00:00,60.9,60.9,51.6,71.53,0.142,100,rain,0,0,25.3,3.5,295,1023.1,50,6.2,34.2,0.1,0,,"Rain, Partially cloudy",rain,"GMMW,60340099999"
Taourirt ,2025-02-08T20:00:00,59,59,51.8,77,0,0,,0,0,3.8,5.8,350,1023,50,6.2,0,0,0,,Partially cloudy,partly-cloudy-night,"GMMW,60340099999"
Taourirt ,2025-02-08T21:00:00,57.2,57.2,51.8,82.14,0,0,,0,0,4.3,4.7,150,1024,50,6.2,0,0,0,,Partially cloudy,partly-cloudy-night,"GMMW,60340099999"
Taourirt ,2025-02-08T22:00:00,54.8,54.8,50.1,84.14,0,0,,0,0,10.3,4.7,115,1025.1,50,6.2,0,0,0,,Partially cloudy,partly-cloudy-night,"GMMW,60340099999"
Taourirt ,2025-02-08T23:00:00,55.4,55.4,51.8,87.66,0,0,,0,0,5.6,4.7,130,1025,50,5,0,0,0,,Partially cloudy,partly-cloudy-night,"GMMW,60340099999"
Taourirt ,2025-02-09T00:00:00,53.6,53.6,51.8,93.6,0,0,,0,0,5.4,4.7,150,1025,50,5,0,0,0,,Partially cloudy,partly-cloudy-night,"GMMW,60340099999"
Taourirt ,2025-02-09T01:00:00,55.2,55.2,51.6,87.65,0,0,,0,0,8.1,1.1,300,1025.3,45.1,3.1,0,0,0,,Partially cloudy,partly-cloudy-night,"GMMW,60340099999"
Taourirt ,2025-02-09T02:00:00,55.4,55.4,51.8,87.66,0,0,,0,0,4,2.2,86.6,1025,50,2.5,0,0,0,,Partially cloudy,partly-cloudy-night,"GMMW,60340099999"
Taourirt ,2025-02-09T03:00:00,55.4,55.4,51.8,87.66,0,0,,0,0,3.6,3.4,130,1025,50,2.5,0,0,0,,Partially cloudy,partly-cloudy-night,"GMMW,60340099999"
Taourirt ,2025-02-09T04:00:00,55,55,51.8,88.79,0,0,,0,0,4.7,2.2,105,1025,54.9,2.5,0,0,0,,Partially cloudy,partly-cloudy-night,"GMMW,60340099999"
Taourirt ,2025-02-09T05:00:00,55.4,55.4,51.8,87.66,0,0,,0,0,2.9,2.2,160,1025,50,2.5,0,0,0,,Partially cloudy,partly-cloudy-night,"GMMW,60340099999"
Taourirt ,2025-02-09T06:00:00,55.4,55.4,51.8,87.66,0,0,,0,0,2.2,1.1,93.8,1025,50,3.1,0,0,0,,Partially cloudy,partly-cloudy-night,"GMMW,60340099999"
Taourirt ,2025-02-09T07:00:00,55,55,51.9,89.36,0,0,,0,0,3.4,1.1,290,1025.1,54.9,3.1,0,0,0,,Partially cloudy,partly-cloudy-night,"GMMW,60340099999"
Taourirt ,2025-02-09T08:00:00,51.8,51.8,51.8,100,0,0,,0,0,2.7,2.2,110.2,1025,50,3.1,0,0,0,,Partially cloudy,partly-cloudy-night,"GMMW,60340099999"
Taourirt ,2025-02-09T09:00:00,53.6,53.6,51.8,93.6,0,0,,0,0,2.9,1.1,137.5,1025,50,3.1,37.2,0.1,0,,Partially cloudy,partly-cloudy-day,"GMMW,60340099999"
Taourirt ,2025-02-09T10:00:00,58.6,58.6,51.4,76.72,0,0,,0,0,13.9,10.3,140,1025.3,32.3,4.3,190.9,0.7,2,,Partially cloudy,partly-cloudy-day,"GMMW,60340099999"
Taourirt ,2025-02-09T11:00:00,59,59,50,72.03,0,0,,0,0,7.6,10.3,120,1026,27.4,5,373.4,1.3,4,,Partially cloudy,partly-cloudy-day,"GMMW,60340099999"
Taourirt ,2025-02-09T12:00:00,62.6,62.6,50,63.4,0,0,,0,0,8.5,10.3,130,1026,27.4,5,570.2,2.1,6,,Partially cloudy,partly-cloudy-day,"GMMW,60340099999"
Taourirt ,2025-02-09T13:00:00,64.4,64.4,49.6,58.75,0,0,,0,0,16.1,9.1,115,1024.9,32.3,5,657.8,2.4,7,,Partially cloudy,partly-cloudy-day,"GMMW,60340099999"
Taourirt ,2025-02-09T14:00:00,62.6,62.6,53.6,72.4,0,0,,0,0,9.2,12.8,50,1024,50,5,707,2.5,7,,Partially cloudy,partly-cloudy-day,"GMMW,60340099999"
Taourirt ,2025-02-09T15:00:00,62.6,62.6,51.8,67.77,0,0,,0,0,10.3,12.8,30,1023,50,5,668.7,2.4,7,,Partially cloudy,partly-cloudy-day,"GMMW,60340099999"
Taourirt ,2025-02-09T16:00:00,62.7,62.7,53.2,71.02,0,0,,0,0,18.3,14.4,50,1023,45.1,5,558.5,2,6,,Partially cloudy,partly-cloudy-day,"GMMW,60340099999"
Taourirt ,2025-02-09T17:00:00,62.6,62.6,51.8,67.77,0,0,,0,0,12.8,11.4,50,1023,50,5,397.8,1.4,4,,Partially cloudy,partly-cloudy-day,"GMMW,60340099999"
Taourirt ,2025-02-09T18:00:00,60.8,60.8,51.8,72.22,0,0,,0,0,13.2,10.3,50,1023,50,5,210,0.8,2,,Partially cloudy,partly-cloudy-day,"GMMW,60340099999"
Taourirt ,2025-02-09T19:00:00,57.2,57.2,51.9,82.4,0,0,,0,0,18.3,10.9,55,1023.3,45.1,5,37.5,0.1,0,,Partially cloudy,partly-cloudy-night,"GMMW,60340099999"
Taourirt ,2025-02-09T20:00:00,57.2,57.2,53.6,87.75,0,0,,0,0,9.6,6.9,70,1023,50,5,0,0,0,,Partially cloudy,partly-cloudy-night,"GMMW,60340099999"
Taourirt ,2025-02-09T21:00:00,55.4,55.4,51.8,87.66,0,0,,0,0,9.2,3.4,170,1024,89,5,0,0,0,,Partially cloudy,partly-cloudy-night,"GMMW,60340099999"
Taourirt ,2025-02-09T22:00:00,53.5,53.5,51.7,93.6,0,0,,0,0,8.5,3.4,140,1024,50,5,0,0,0,,Partially cloudy,partly-cloudy-night,GMMW
Taourirt ,2025-02-09T23:00:00,51.8,51.8,51.8,100,0,0,,0,0,8.3,2.2,180,1024,89,5,0,0,0,,Partially cloudy,partly-cloudy-night,"GMMW,60340099999"
Taourirt ,2025-02-10T00:00:00,48.2,48.2,48.2,100,0,0,,0,0,7.2,2.2,200,1023,89,5,0,0,0,,Partially cloudy,partly-cloudy-night,"GMMW,60340099999"
Taourirt ,2025-02-10T01:00:00,46.5,45.4,46,98.35,0,0,,0,0,5.8,3.4,245,1023.4,74.3,5,0,0,0,,Partially cloudy,partly-cloudy-night,"GMMW,60340099999"
Taourirt ,2025-02-10T02:00:00,48.2,47.3,46.4,93.45,0,0,,0,0,4.3,3.4,240,1023,89,3.7,0,0,0,,Partially cloudy,partly-cloudy-night,"GMMW,60340099999"
Taourirt ,2025-02-10T03:00:00,44.6,42.1,44.6,100,0,0,,0,0,4,4.7,220,1022,89,3.7,0,0,0,,Partially cloudy,partly-cloudy-night,"GMMW,60340099999"
Taourirt ,2025-02-10T04:00:00,44.9,43.5,44.4,98.34,0,0,,0,0,6.9,3.4,280,1022.1,74.3,5,0,0,0,,Partially cloudy,partly-cloudy-night,"GMMW,60340099999"
Taourirt ,2025-02-10T05:00:00,44.6,44.6,42.8,93.35,0,0,,0,0,3.4,2.2,280,1021,89,5,0,0,0,,Partially cloudy,partly-cloudy-night,"GMMW,60340099999"
Taourirt ,2025-02-10T06:00:00,42.8,41.2,42.8,100,0,0,,0,0,2.7,3.4,260,1021,89,5,0,0,0,,Partially cloudy,partly-cloudy-night,"GMMW,60340099999"
Taourirt ,2025-02-10T07:00:00,46.4,43.2,44.6,93.4,0,0,,0,0,8.1,6.4,180,1021.4,74.3,5,0,0,0,,Partially cloudy,partly-cloudy-night,"GMMW,60340099999"
Taourirt ,2025-02-10T08:00:00,44.6,44.6,42.8,93.35,0,0,,0,0,3.6,2.2,180,1021,89,5,0,0,0,,Partially cloudy,partly-cloudy-night,"GMMW,60340099999"
Taourirt ,2025-02-10T09:00:00,44.6,44.6,42.8,93.35,0,0,,0,0,4.3,2.2,116.6,1022,27.4,5,48.2,0.2,0,,Partially cloudy,partly-cloudy-day,"GMMW,60340099999"
Taourirt ,2025-02-10T10:00:00,51.6,51.6,48,87.47,0,0,,0,0,8.1,5.8,160,1022.2,27.4,5,189.2,0.7,2,,Partially cloudy,partly-cloudy-day,"GMMW,60340099999"
Taourirt ,2025-02-10T11:00:00,55.4,55.4,48.2,76.68,0,0,,0,0,6,3.4,146.4,1022,27.4,5,361.9,1.3,4,,Partially cloudy,partly-cloudy-day,"GMMW,60340099999"
Taourirt ,2025-02-10T12:00:00,57.2,57.2,50,76.84,0,0,,0,0,7.8,5.8,70,1022,27.4,5,559,2,6,,Partially cloudy,partly-cloudy-day,"GMMW,60340099999"
Taourirt ,2025-02-10T13:00:00,60.6,60.6,49.6,66.88,0,0,,0,0,9.2,4,75,1021,27.4,5,654.2,2.4,7,,Partially cloudy,partly-cloudy-day,"GMMW,60340099999"
Taourirt ,2025-02-10T14:00:00,62.6,62.6,50,63.4,0,0,,0,0,8.7,5.8,50,1020,0,5,716.7,2.6,7,,Clear,clear-day,"GMMW,60340099999"
Taourirt ,2025-02-10T15:00:00,64.4,64.4,50,59.52,0,0,,0,0,8.3,10.3,40,1019,0,5,670.1,2.4,7,,Clear,clear-day,"GMMW,60340099999"
Taourirt ,2025-02-10T16:00:00,62.7,62.7,50.3,63.83,0,0,,0,0,17.2,11.4,60,1019,30,5,568,2,6,,Partially cloudy,partly-cloudy-day,"GMMW,60340099999"
Taourirt ,2025-02-10T17:00:00,60.8,60.8,50,67.56,0,0,,0,0,8.9,11.4,60,1019,0,5,407.3,1.5,4,,Clear,clear-day,"GMMW,60340099999"
Taourirt ,2025-02-10T18:00:00,59,59,51.8,77,0,0,,0,0,10.7,10.3,50,1019,0,5,218.8,0.8,2,,Clear,clear-day,"GMMW,60340099999"
Taourirt ,2025-02-10T19:00:00,57.2,57.2,51.8,82.14,0,0,,0,0,16.1,9.7,55,1019.4,45.1,5,41.1,0.1,0,,Partially cloudy,partly-cloudy-night,"GMMW,60340099999"
Taourirt ,2025-02-10T20:00:00,55.4,55.4,51.8,87.66,0,0,,0,0,13,5.8,70,1020,50,5,0,0,0,,Partially cloudy,partly-cloudy-night,"GMMW,60340099999"
Taourirt ,2025-02-10T21:00:00,55.4,55.4,51.8,87.66,0,0,,0,0,11.4,4.7,80,1020,50,5,0,0,0,,Partially cloudy,partly-cloudy-night,"GMMW,60340099999"
Taourirt ,2025-02-10T22:00:00,55.3,55.3,51.7,87.65,0,0,,0,0,8.9,3.4,130,1020,50,5,0,0,0,,Partially cloudy,partly-cloudy-night,GMMW
Taourirt ,2025-02-10T23:00:00,57.2,57.2,51.8,82.14,0,0,,0,0,6.7,2.2,33.4,1020,50,5,0,0,0,,Partially cloudy,partly-cloudy-night,"GMMW,60340099999"
Taourirt ,2025-02-11T00:00:00,55.4,55.4,50,82.01,0,0,,0,0,5.4,3.4,90,1020,50,5,0,0,0,,Partially cloudy,partly-cloudy-night,"GMMW,60340099999"
Taourirt ,2025-02-11T01:00:00,55.2,55.2,50.3,83.35,0,0,,0,0,10.3,3.4,125,1020.2,50,5,0,0,0,,Partially cloudy,partly-cloudy-night,"GMMW,60340099999"
Taourirt ,2025-02-11T02:00:00,53.6,53.6,50,87.57,0,0,,0,0,2.9,3.4,200,1020,50,3.7,0,0,0,,Partially cloudy,partly-cloudy-night,"GMMW,60340099999"
Taourirt ,2025-02-11T03:00:00,53.6,53.6,50,87.57,0,0,,0,0,2.5,3.4,190,1019,50,3.7,0,0,0,,Partially cloudy,partly-cloudy-night,"GMMW,60340099999"
Taourirt ,2025-02-11T04:00:00,48.5,45.4,47.8,97.72,0,0,,0,0,9.2,6.9,185,1019.4,50,3.7,0,0,0,,Partially cloudy,partly-cloudy-night,"GMMW,60340099999"
Taourirt ,2025-02-11T05:00:00,48.2,46.3,46.4,93.45,0,0,,0,0,3.8,4.7,180,1019,50,3.7,0,0,0,,Partially cloudy,partly-cloudy-night,"GMMW,60340099999"
Taourirt ,2025-02-11T06:00:00,48.2,48.2,46.4,93.45,0,0,,0,0,5.1,1.1,137.7,1019,89,1.2,0,0,0,,Partially cloudy,partly-cloudy-night,"GMMW,60340099999"
Taourirt ,2025-02-11T07:00:00,49.6,48,48,94.11,0,0,,0,0,9.2,4.7,180,1019.2,74.3,1.9,0,0,0,,Partially cloudy,partly-cloudy-night,"GMMW,60340099999"
Taourirt ,2025-02-11T08:00:00,48.2,45.6,48.2,100,0,0,,0,0,4.5,5.8,120,1019,89,3.7,0,0,0,,Partially cloudy,partly-cloudy-night,"GMMW,60340099999"
Taourirt ,2025-02-11T09:00:00,50,50,48.2,93.5,0,0,,0,0,6.5,1.1,126.6,1019,89,3.7,42.3,0.2,0,,Partially cloudy,partly-cloudy-day,"GMMW,60340099999"
Taourirt ,2025-02-11T10:00:00,49.6,49.6,46.5,88.83,0,0,,0,0,9.2,2.2,210,1019.5,84.1,5,169.5,0.6,2,,Partially cloudy,partly-cloudy-day,"GMMW,60340099999"
Taourirt ,2025-02-11T11:00:00,53.6,53.6,48.2,81.88,0,0,,0,0,8.7,1.1,164.3,1019,89,5,383.8,1.4,4,,Partially cloudy,partly-cloudy-day,"GMMW,60340099999"
Taourirt ,2025-02-11T12:00:00,57.2,57.2,50,76.84,0,0,,0,0,10.5,3.4,30,1019,89,5,510.8,1.8,5,,Partially cloudy,partly-cloudy-day,"GMMW,60340099999"
Taourirt ,2025-02-11T13:00:00,60.4,60.4,49.8,67.97,0,0,,0,0,10.3,8.1,25,1018.9,84.1,5,637.9,2.3,6,,Partially cloudy,partly-cloudy-day,"GMMW,60340099999"
Taourirt ,2025-02-11T14:00:00,64.4,64.4,46.4,52.01,0,0,,0,0,15.7,8.1,50,1018,89,5,691.7,2.5,7,,Partially cloudy,partly-cloudy-day,"GMMW,60340099999"
Taourirt ,2025-02-11T15:00:00,64.4,64.4,50,59.52,0,0,,0,0,15.7,11.4,40,1017,89,5,653.9,2.4,7,,Partially cloudy,partly-cloudy-day,"GMMW,60340099999"
Taourirt ,2025-02-11T16:00:00,62.7,62.7,51.4,66.47,0,0,,0,0,16.1,11.4,50,1016.8,50,5,564.5,2,6,,Partially cloudy,partly-cloudy-day,"GMMW,60340099999"
Taourirt ,2025-02-11T17:00:00,60.8,60.8,51.8,72.22,0,0,,0,0,13,10.3,50,1017,50,5,407.6,1.5,4,,Partially cloudy,partly-cloudy-day,"GMMW,60340099999"
Taourirt ,2025-02-11T18:00:00,59,59,51.8,77,0,0,,0,0,11.4,9.2,60,1017,0,5,223,0.8,2,,Clear,clear-day,"GMMW,60340099999"
Taourirt ,2025-02-11T19:00:00,57.1,57.1,49.9,76.83,0,0,,0,0,9.6,6.9,70,1017,1.5,5,43.4,0.2,0,,Clear,clear-night,GMMW
Taourirt ,2025-02-11T20:00:00,53.5,53.5,49.9,87.56,0,0,,0,0,8.7,3.4,30,1018,1.5,5,0,0,0,,Clear,clear-night,GMMW
Taourirt ,2025-02-11T21:00:00,50,48.4,46.4,87.38,0,0,,0,0,8.3,4.7,210,1018,0,5,0,0,0,,Clear,clear-night,"GMMW,60340099999"
Taourirt ,2025-02-11T22:00:00,48.2,48.2,46.4,93.45,0,0,,0,0,7.4,2.2,190.1,1019,0,3.7,0,0,0,,Clear,clear-night,"GMMW,60340099999"
Taourirt ,2025-02-11T23:00:00,48.2,48.2,44.6,87.29,0,0,,0,0,6.9,2.2,177.1,1019,0,3.7,0,0,0,,Clear,clear-night,"GMMW,60340099999"
Taourirt ,2025-02-12T00:00:00,44.6,41.3,44.6,100,0,0,,0,0,8.5,5.8,290,1018,0,3.7,0,0,0,,Clear,clear-night,"GMMW,60340099999"
Taourirt ,2025-02-12T01:00:00,44.7,41.4,44.2,98.01,0,0,,0,0,9.2,5.8,230,1018.6,9.9,3.7,0,0,0,,Clear,clear-night,"GMMW,60340099999"
Taourirt ,2025-02-12T02:00:00,48.2,47.3,46.4,93.45,0,0,,0,0,9.4,3.4,240,1018,0,3.7,0,0,0,,Clear,clear-night,"GMMW,60340099999"
Taourirt ,2025-02-12T03:00:00,50,46.3,41,71.09,0,0,,0,0,9.6,9.2,220,1018,0,3.7,0,0,0,,Clear,clear-night,"GMMW,60340099999"
Taourirt ,2025-02-12T04:00:00,57.2,57.2,33.8,41.16,0.008,100,rain,0,0,19.7,14.4,220,1018,88.5,6.2,0,0,0,,"Rain, Partially cloudy",rain,"GMMW,60340099999"
Taourirt ,2025-02-12T05:00:00,51.8,51.8,35.6,53.83,0,0,,0,0,9.6,9.2,290,1018,88.9,6.2,0,0,0,,Partially cloudy,partly-cloudy-night,"GMMW,60340099999"
Taourirt ,2025-02-12T06:00:00,48.2,44.5,35.6,61.54,0,0,,0,0,9.6,8.1,290,1018,90.5,6.2,0,0,0,,Overcast,cloudy,"GMMW,60340099999"
Taourirt ,2025-02-12T07:00:00,49.8,48.7,34.1,54.49,0,0,,0,0,16.1,4,240,1018.5,79.1,6.2,0,0,0,,Partially cloudy,partly-cloudy-night,"GMMW,60340099999"
Taourirt ,2025-02-12T08:00:00,48.2,45,37.4,66.07,0,0,,0,0,9.4,6.9,220,1019,14.1,6.2,0,0,0,,Clear,clear-day,"GMMW,60340099999"
Taourirt ,2025-02-12T09:00:00,50,47.2,39.2,66.29,0,0,,0,0,8.3,6.9,190,1020,5.1,6.2,56.1,0.2,1,,Clear,clear-day,"GMMW,60340099999"
Taourirt ,2025-02-12T10:00:00,57.6,57.6,46.5,66.31,0,0,,0,0,9.2,3.4,255,1020.4,3.2,6.2,253.3,0.9,3,,Clear,clear-day,"GMMW,60340099999"
Taourirt ,2025-02-12T11:00:00,59,59,50,72.03,0,0,,0,0,12.5,4.7,270,1021,9.8,6.2,445.1,1.6,4,,Clear,clear-day,"GMMW,60340099999"
Taourirt ,2025-02-12T12:00:00,62.6,62.6,48.2,59.28,0,0,,0,0,15.7,8.1,310,1021,12.8,6.2,579.8,2.1,6,,Clear,clear-day,"GMMW,60340099999"
Taourirt ,2025-02-12T13:00:00,64.5,64.5,47.8,54.76,0,0,,0,0,12.8,3.4,310,1019.9,12.6,6.2,568.5,2,6,,Clear,clear-day,"GMMW,60340099999"
Taourirt ,2025-02-12T14:00:00,66.2,66.2,46.4,48.86,0,0,,0,0,22.6,3.4,244.1,1019,27.4,6.2,614.5,2.2,6,,Partially cloudy,partly-cloudy-day,"GMMW,60340099999"
Taourirt ,2025-02-12T15:00:00,66.2,66.2,51.8,59.76,0,0,,0,0,23.9,16.1,330,1018,27.4,6.2,516.3,1.9,5,,Partially cloudy,partly-cloudy-day,"GMMW,60340099999"
Taourirt ,2025-02-12T16:00:00,62.7,62.7,51.4,66.47,0,0,,0,0,26.4,20.8,320,1017.9,45.1,6.2,426.7,1.5,4,,Partially cloudy,partly-cloudy-day,"GMMW,60340099999"
Taourirt ,2025-02-12T17:00:00,60.8,60.8,50,67.56,0,0,,0,0,22.6,17.2,320,1018,50,6.2,386.4,1.4,4,,Partially cloudy,partly-cloudy-day,"GMMW,60340099999"
Taourirt ,2025-02-12T18:00:00,60.8,60.8,50,67.56,0,0,,0,0,21.7,15,330,1018,50,6.2,211.3,0.8,2,,Partially cloudy,partly-cloudy-day,"GMMW,60340099999"
Taourirt ,2025-02-12T19:00:00,58.6,58.6,48.2,68.42,0,0,,0,0,26.4,17.2,310,1018.4,45.1,6.2,43.9,0.2,0,,Partially cloudy,partly-cloudy-night,"GMMW,60340099999"
Taourirt ,2025-02-12T20:00:00,57.2,57.2,46.4,67.15,0,0,,0,0,10.7,13.9,310,1019,50,6.2,0,0,0,,Partially cloudy,partly-cloudy-night,"GMMW,60340099999"
Taourirt ,2025-02-12T21:00:00,55.4,55.4,46.4,71.66,0,0,,0,0,7.8,9.2,290,1020,50,6.2,0,0,0,,Partially cloudy,partly-cloudy-night,"GMMW,60340099999"
Taourirt ,2025-02-12T22:00:00,53.9,53.9,46.2,75.28,0,0,,0,0,24.2,9.2,265,1020.5,45.1,6.2,0,0,0,,Partially cloudy,partly-cloudy-night,"GMMW,60340099999"
Taourirt ,2025-02-12T23:00:00,55.4,55.4,44.6,66.93,0,0,,0,0,6.5,11.4,290,1021,27.4,5,0,0,0,,Partially cloudy,partly-cloudy-night,"GMMW,60340099999"
Taourirt ,2025-02-13T00:00:00,53.6,53.6,42.8,66.72,0,0,,0,0,6.7,11.4,300,1021,27.4,5,0,0,0,,Partially cloudy,partly-cloudy-night,"GMMW,60340099999"
Taourirt ,2025-02-13T01:00:00,53.4,53.4,42.4,66.25,0,0,,0,0,17.2,9.2,285,1021.2,17.7,5,0,0,0,,Clear,clear-night,"GMMW,60340099999"
Taourirt ,2025-02-13T02:00:00,53.6,53.6,41,62.25,0,0,,0,0,6,5.8,260,1021,27.4,5,0,0,0,,Partially cloudy,partly-cloudy-night,"GMMW,60340099999"
Taourirt ,2025-02-13T03:00:00,50,46.3,41,71.09,0,0,,0,0,5.1,9.2,220,1020,27.4,5,0,0,0,,Partially cloudy,partly-cloudy-night,"GMMW,60340099999"
Taourirt ,2025-02-13T04:00:00,49.6,46.8,41.1,72.27,0,0,,0,0,11.4,6.9,240,1020.3,27.4,5,0,0,0,,Partially cloudy,partly-cloudy-night,"GMMW,60340099999"
Taourirt ,2025-02-13T05:00:00,46.4,44.2,41,81.35,0,0,,0,0,4.9,4.7,200,1020,27.4,5,0,0,0,,Partially cloudy,partly-cloudy-night,"GMMW,60340099999"
Taourirt ,2025-02-13T06:00:00,44.6,40.7,39.2,81.22,0,0,,0,0,5.1,6.9,200,1020,27.4,5,0,0,0,,Partially cloudy,partly-cloudy-night,"GMMW,60340099999"
Taourirt ,2025-02-13T07:00:00,43.1,40.8,39.2,86.12,0,0,,0,0,8.1,4,185,1020.7,30,5,0,0,0,,Partially cloudy,partly-cloudy-night,"GMMW,60340099999"
Taourirt ,2025-02-13T08:00:00,42.8,39.2,39.2,87,0,0,,0,0,3.6,5.8,210,1021,27.4,5,0,0,0,,Partially cloudy,partly-cloudy-day,"GMMW,60340099999"
Taourirt ,2025-02-13T09:00:00,44.6,41.3,41,87.1,0,0,,0,0,4.5,5.8,300,1021,27.4,5,61.8,0.2,1,,Partially cloudy,partly-cloudy-day,"GMMW,60340099999"
Taourirt ,2025-02-13T10:00:00,52.5,52.5,43.2,70.64,0,0,,0,0,8.1,4.7,300,1022.1,4.9,5,249.3,0.9,2,,Clear,clear-day,"GMMW,60340099999"
Taourirt ,2025-02-13T11:00:00,57.2,57.2,42.8,58.55,0,0,,0,0,7.6,3.4,310,1022,0,5,439.5,1.6,4,,Clear,clear-day,"GMMW,60340099999"
Taourirt ,2025-02-13T12:00:00,60.8,60.8,42.8,51.48,0,0,,0,0,8.9,2.2,209.8,1022,0,5,590.4,2.1,6,,Clear,clear-day,"GMMW,60340099999"
Taourirt ,2025-02-13T13:00:00,62.4,62.4,39.7,43.17,0,0,,0,0,9.2,4.7,320,1021.8,27.4,6.2,687.3,2.5,7,,Partially cloudy,partly-cloudy-day,"GMMW,60340099999"
Taourirt ,2025-02-13T14:00:00,62.6,62.6,41,45.07,0,0,,0,0,8.9,4.7,300,1021,27.4,6.2,716.1,2.6,7,,Partially cloudy,partly-cloudy-day,"GMMW,60340099999"
Taourirt ,2025-02-13T15:00:00,64.4,64.4,42.8,45.35,0,0,,0,0,11,5.8,310,1020,27.4,6.2,677.8,2.4,7,,Partially cloudy,partly-cloudy-day,"GMMW,60340099999"
Taourirt ,2025-02-13T16:00:00,64.7,64.7,44.2,47.49,0,0,,0,0,13.9,7.5,15,1019.9,30,6.2,575.6,2.1,6,,Partially cloudy,partly-cloudy-day,"GMMW,60340099999"
Taourirt ,2025-02-13T17:00:00,64.4,64.4,44.6,48.58,0,0,,0,0,13.2,6.9,340,1019,0,6.2,419.6,1.5,4,,Clear,clear-day,"GMMW,60340099999"
Taourirt ,2025-02-13T18:00:00,62.6,62.6,46.4,55.4,0,0,,0,0,13.2,10.3,80,1020,0,6.2,227.9,0.8,2,,Clear,clear-day,"GMMW,60340099999"
Taourirt ,2025-02-13T19:00:00,59.1,59.1,46.7,63.38,0,0,,0,0,13.9,8.6,65,1020,30,5,46.4,0.2,0,,Partially cloudy,partly-cloudy-night,"GMMW,60340099999"
Taourirt ,2025-02-13T20:00:00,57.2,57.2,48.2,71.85,0,0,,0,0,8.7,6.9,60,1020,0,5,0,0,0,,Clear,clear-night,"GMMW,60340099999"
Taourirt ,2025-02-13T21:00:00,53.6,53.6,48.2,81.88,0,0,,0,0,8.3,3.4,130,1021,0,5,0,0,0,,Clear,clear-night,"GMMW,60340099999"
Taourirt ,2025-02-13T22:00:00,51.4,51.4,46.5,83.37,0,0,,0,0,11.4,2.8,130,1021.3,30,5,0,0,0,,Partially cloudy,partly-cloudy-night,"GMMW,60340099999"
Taourirt ,2025-02-13T23:00:00,51.8,51.8,48.2,87.48,0,0,,0,0,6.3,2.2,10,1021,0,5,0,0,0,,Clear,clear-night,"GMMW,60340099999"
Taourirt ,2025-02-14T00:00:00,46.4,45.3,44.6,93.4,0,0,,0,0,5.1,3.4,250,1021,0,5,0,0,0,,Clear,clear-night,"GMMW,60340099999"
Taourirt ,2025-02-14T01:00:00,46,44.9,42.6,87.77,0,0,,0,0,6.9,3.4,285,1021.3,30,5,0,0,0,,Partially cloudy,partly-cloudy-night,"GMMW,60340099999"
Taourirt ,2025-02-14T02:00:00,44.6,42.1,42.8,93.35,0,0,,0,0,4.5,4.7,280,1020,27.4,5,0,0,0,,Partially cloudy,partly-cloudy-night,"GMMW,60340099999"
Taourirt ,2025-02-14T03:00:00,42.8,40,41,93.3,0,0,,0,0,4.3,4.7,230,1020,27.4,5,0,0,0,,Partially cloudy,partly-cloudy-night,"GMMW,60340099999"
Taourirt ,2025-02-14T04:00:00,44.2,42.2,41.1,88.58,0,0,,0,0,5.8,4,240,1019.5,27.4,5,0,0,0,,Partially cloudy,partly-cloudy-night,"GMMW,60340099999"
Taourirt ,2025-02-14T05:00:00,42.8,42.8,41,93.3,0,0,,0,0,4.7,1.1,142.8,1019,27.4,5,0,0,0,,Partially cloudy,partly-cloudy-night,"GMMW,60340099999"
Taourirt ,2025-02-14T06:00:00,41,41,39.2,93.25,0,0,,0,0,4.7,2.2,137.5,1019,27.4,5,0,0,0,,Partially cloudy,partly-cloudy-night,"GMMW,60340099999"
Taourirt ,2025-02-14T07:00:00,40.6,40.6,38.8,93.56,0,0,,0,0,4.7,2.2,260,1019.6,27.4,5,0,0,0,,Partially cloudy,partly-cloudy-night,"GMMW,60340099999"
Taourirt ,2025-02-14T08:00:00,39.2,39.2,37.4,93.2,0,0,,0,0,5.6,2.2,132,1019,27.4,5,0,0,0,,Partially cloudy,partly-cloudy-day,"GMMW,60340099999"
Taourirt ,2025-02-14T09:00:00,42.8,41.2,42.8,100,0,0,,0,0,7.4,3.4,240,1019,27.4,5,67.8,0.2,1,,Partially cloudy,partly-cloudy-day,"GMMW,60340099999"
Taourirt ,2025-02-14T10:00:00,52.3,52.3,44.7,75.14,0,0,,0,0,5.8,1.1,320,1019.2,27.4,5,262,0.9,3,,Partially cloudy,partly-cloudy-day,"GMMW,60340099999"
Taourirt ,2025-02-14T11:00:00,59,59,44.6,58.79,0,0,,0,0,8.7,3.4,20,1019,12.8,5,455.5,1.6,5,,Clear,clear-day,"GMMW,60340099999"
Taourirt ,2025-02-14T12:00:00,62.6,62.6,42.8,48.31,0,0,,0,0,11,5.8,100,1019,0,6.2,609.4,2.2,6,,Clear,clear-day,"GMMW,60340099999"
Taourirt ,2025-02-14T13:00:00,64.7,64.7,43.1,45.39,0,0,,0,0,12.8,6.9,50,1018,0,6.2,706.3,2.5,7,,Clear,clear-day,"GMMW,60340099999"
Taourirt ,2025-02-14T14:00:00,66.2,66.2,46.4,48.86,0,0,,0,0,12.8,11.4,40,1017,0,6.2,737.4,2.7,7,,Clear,clear-day,"GMMW,60340099999"
Taourirt ,2025-02-14T15:00:00,66.2,66.2,46.4,48.86,0,0,,0,0,11.6,12.8,40,1016,0,6.2,699.7,2.5,7,,Clear,clear-day,"GMMW,60340099999"
Taourirt ,2025-02-14T16:00:00,64.7,64.7,42.8,44.94,0,0,,0,0,17.2,13.9,50,1016,0,6.2,595.8,2.1,6,,Clear,clear-day,"GMMW,60340099999"
Taourirt ,2025-02-14T17:00:00,64.4,64.4,42.8,45.35,0,0,,0,0,11.2,11.4,40,1016,0,6.2,435.8,1.6,4,,Clear,clear-day,"GMMW,60340099999"
Taourirt ,2025-02-14T18:00:00,62.6,62.6,42.8,48.31,0,0,,0,0,14.5,9.2,40,1016,0,6.2,238.4,0.9,2,,Clear,clear-day,"GMMW,60340099999"
Taourirt ,2025-02-14T19:00:00,59.1,59.1,43.1,55.27,0,0,,0,0,16.1,3.4,35,1016.4,0,6.2,50.5,0.2,0,,Clear,clear-night,"GMMW,60340099999"
Taourirt ,2025-02-14T20:00:00,55.4,55.4,44.6,66.93,0,0,,0,0,13.2,3.4,110,1017,1,6.2,0,0,0,,Clear,clear-night,"GMMW,60340099999"
Taourirt ,2025-02-14T21:00:00,51.8,51.8,44.6,76.36,0,0,,0,0,10.7,3.4,130,1017,3.3,6.2,0,0,0,,Clear,clear-night,"GMMW,60340099999"
Taourirt ,2025-02-14T22:00:00,49.8,49.8,42.6,76.18,0,0,,0,0,5.8,2.2,290,1017.5,1,6.2,0,0,0,,Clear,clear-night,"GMMW,60340099999"
Taourirt ,2025-02-14T23:00:00,46.4,45.3,41,81.35,0,0,,0,0,5.4,3.4,240,1017,0.3,6.2,0,0,0,,Clear,clear-night,"GMMW,60340099999"
Taourirt ,2025-02-15T00:00:00,46.4,44.2,39.2,75.86,0,0,,0,0,4.9,4.7,240,1017,0,6.2,0,0,0,,Clear,clear-night,"GMMW,60340099999"
Taourirt ,2025-02-15T01:00:00,45.8,43.5,39,77.12,0,0,,0,0,6.9,4.7,225,1017.2,0,6.2,0,0,0,,Clear,clear-night,"GMMW,60340099999"
Taourirt ,2025-02-15T02:00:00,44.6,43.2,37.4,75.69,0,0,,0,0,2.9,3.4,200,1016,0,6.2,0,0,0,,Clear,clear-night,"GMMW,60340099999"
Taourirt ,2025-02-15T03:00:00,42.8,40,37.4,81.08,0,0,,0,0,4.3,4.7,160,1015,0,6.2,0,0,0,,Clear,clear-night,"GMMW,60340099999"
Taourirt ,2025-02-15T04:00:00,44.2,42.8,37.2,76.18,0,0,,0,0,6.9,3.4,340,1015.4,0,6.2,0,0,0,,Clear,clear-night,"GMMW,60340099999"
Taourirt ,2025-02-15T05:00:00,41,37.9,37.4,86.9,0,0,,0,0,5.1,4.7,250,1015,0,6.2,0,0,0,,Clear,clear-night,"GMMW,60340099999"
Taourirt ,2025-02-15T06:00:00,42.8,42.8,37.4,81.08,0,0,,0,0,5.4,2.2,250,1015,0,6.2,0,0,0,,Clear,clear-night,"GMMW,60340099999"
Taourirt ,2025-02-15T07:00:00,39.3,39.3,35.4,85.9,0,0,,0,0,6.9,2.8,225,1015.4,0,6.2,0,0,0,,Clear,clear-night,"GMMW,60340099999"
Taourirt ,2025-02-15T08:00:00,39.2,39.2,35.6,86.8,0,0,,0,0,5.1,1.1,260,1015,0,6.2,0,0,0,,Clear,clear-day,"GMMW,60340099999"
Taourirt ,2025-02-15T09:00:00,44.6,43.2,39.2,81.22,0,0,,0,0,5.6,3.4,240,1015,7,6.2,71,0.3,1,,Clear,clear-day,"GMMW,60340099999"
Taourirt ,2025-02-15T10:00:00,53.9,53.9,42.6,65.63,0,0,,0,0,5.8,1.1,270,1015.3,75.4,6.2,265.3,1,3,,Partially cloudy,partly-cloudy-day,"GMMW,60340099999"
Taourirt ,2025-02-15T11:00:00,60.8,60.8,41,48.03,0,0,,0,0,7.2,1.1,164.4,1015,80.6,6.2,457.8,1.6,5,,Partially cloudy,partly-cloudy-day,"GMMW,60340099999"
Taourirt ,2025-02-15T12:00:00,66.2,66.2,41,39.75,0,0,,0,0,7.4,1.1,190.5,1015,79.6,6.2,608,2.2,6,,Partially cloudy,partly-cloudy-day,"GMMW,60340099999"
Taourirt ,2025-02-15T13:00:00,69.9,69.9,37.5,30.53,0,0,,0,0,10.3,6.4,115,1013.7,40,6.2,696.8,2.5,7,,Partially cloudy,partly-cloudy-day,"GMMW,60340099999"
Taourirt ,2025-02-15T14:00:00,71.6,71.6,37.4,28.71,0,0,,0,0,8.9,8.1,50,1012,96.3,6.2,711.9,2.6,7,,Overcast,cloudy,"GMMW,60340099999"
Taourirt ,2025-02-15T15:00:00,69.8,69.8,44.6,40.32,0,0,,0,0,8.9,10.3,50,1011,97.8,6.2,627.3,2.3,6,,Overcast,cloudy,"GMMW,60340099999"
Taourirt ,2025-02-15T16:00:00,66,66,47.8,51.91,0,0,,0,0,12.8,8.6,55,1011,80,6.2,454.7,1.6,5,,Partially cloudy,partly-cloudy-day,"GMMW,60340099999"
Taourirt ,2025-02-15T17:00:00,66.2,66.2,42.8,42.6,0,0,,0,0,9.2,9.2,70,1011,100,6.2,334.4,1.2,3,,Overcast,cloudy,"GMMW,60340099999"
Taourirt ,2025-02-15T18:00:00,62.6,62.6,46.4,55.4,0,0,,0,0,9.2,10.3,60,1011,99.3,6.2,191.9,0.7,2,,Overcast,cloudy,"GMMW,60340099999"
Taourirt ,2025-02-15T19:00:00,59,59,51.4,76,0,0,,0,0,13.9,8.1,70,1012,80,5,39.5,0.1,0,,Partially cloudy,partly-cloudy-night,"GMMW,60340099999"
Taourirt ,2025-02-15T20:00:00,57.2,57.2,51.8,82.14,0,0,,0,0,8.5,5.8,80,1012,0,3.7,0,0,0,,Clear,clear-night,"GMMW,60340099999"
Taourirt ,2025-02-15T21:00:00,57.2,57.2,53.6,87.75,0,0,,0,0,8.3,2.2,19.7,1012,27.4,3.7,0,0,0,,Partially cloudy,partly-cloudy-night,"GMMW,60340099999"
Taourirt ,2025-02-15T22:00:00,53.4,53.4,50,88.13,0,0,,0,0,9.2,5.2,220,1012.3,51.9,3.7,0,0,0,,Partially cloudy,partly-cloudy-night,"GMMW,60340099999"
Taourirt ,2025-02-15T23:00:00,51.8,51.8,50,93.55,0,0,,0,0,6,5.8,180,1012,27.4,3.7,0,0,0,,Partially cloudy,partly-cloudy-night,"GMMW,60340099999"
Taourirt ,2025-02-16T00:00:00,50,50,48.2,93.5,0,0,,0,0,5.4,1.1,26.7,1012,27.4,3.7,0,0,0,,Partially cloudy,partly-cloudy-night,"GMMW,60340099999"
Taourirt ,2025-02-16T01:00:00,50.1,50.1,48.5,94.12,0,0,,0,0,6.9,2.2,350,1012,50,3.7,0,0,0,,Partially cloudy,partly-cloudy-night,"GMMW,60340099999"
Taourirt ,2025-02-16T02:00:00,48.2,46.3,46.4,93.45,0,0,,0,0,4.5,4.7,100,1011,0,3.7,0,0,0,,Clear,clear-night,"GMMW,60340099999"
Taourirt ,2025-02-16T03:00:00,48.2,48.2,46.4,93.45,0,0,,0,0,3.8,1.1,36.7,1010,100,3.7,0,0,0,,Overcast,cloudy,"GMMW,60340099999"
Taourirt ,2025-02-16T04:00:00,51.4,51.4,50.3,95.71,0,0,,0,0,11.4,4.1,225,1011,75.5,0,0,0,0,,Partially cloudy,partly-cloudy-night,"GMMW,60340099999"
Taourirt ,2025-02-16T05:00:00,50,50,50,100,0,0,,0,0,4,2.2,115.1,1010,100,0,0,0,0,,Overcast,cloudy,"GMMW,60340099999"
Taourirt ,2025-02-16T06:00:00,50,50,48.2,93.5,0,0,,0,0,7.4,2.2,136.9,1010,100,0,0,0,0,,Overcast,cloudy,"GMMW,60340099999"
Taourirt ,2025-02-16T07:00:00,52.2,52.2,51.9,98.71,0,0,,0,0,8.1,5.8,275,1011.3,42.1,0.6,0,0,0,,Partially cloudy,fog,"GMMW,60340099999"
Taourirt ,2025-02-16T08:00:00,51.8,51.8,50,93.55,0,0,,0,0,14.3,6.4,235,1012,27.4,0.9,0,0,0,,Partially cloudy,fog,"GMMW,60340099999"
Taourirt ,2025-02-16T09:00:00,53.6,53.6,51.8,93.6,0,0,,0,0,15.9,2.2,208.6,1013,27.4,1.2,46.7,0.2,0,,Partially cloudy,partly-cloudy-day,"GMMW,60340099999"
Taourirt ,2025-02-16T10:00:00,56.8,56.8,51.8,83.18,0,0,,0,0,8.1,5.8,245,1014.2,51.9,2.5,133.1,0.5,1,,Partially cloudy,partly-cloudy-day,"GMMW,60340099999"
Taourirt ,2025-02-16T11:00:00,60.7,60.7,51.7,72.21,0.012,100,rain,0,0,18.8,11.4,310,1014,25,2.5,184.8,0.7,2,,"Rain, Partially cloudy",rain,GMMW
Taourirt ,2025-02-16T12:00:00,62.6,62.6,50,63.4,0,0,,0,0,20.6,16.1,320,1015,27.4,3.1,345.3,1.2,3,,Partially cloudy,partly-cloudy-day,"GMMW,60340099999"
Taourirt ,2025-02-16T13:00:00,62.7,62.7,49.8,62.79,0,0,,0,0,25.3,19,320,1014.9,74.3,3.7,370.8,1.3,4,,Partially cloudy,partly-cloudy-day,"GMMW,60340099999"
Taourirt ,2025-02-16T14:00:00,62.6,62.6,51.8,67.77,0,0,,0,0,18.8,17.2,330,1015,89,3.7,336.2,1.2,3,,Partially cloudy,partly-cloudy-day,"GMMW,60340099999"
Taourirt ,2025-02-16T15:00:00,62.6,62.6,50,63.4,0,0,,0,0,17.2,13.9,330,1014,89,3.7,371.8,1.3,4,,Partially cloudy,partly-cloudy-day,"GMMW,60340099999"
Taourirt ,2025-02-16T16:00:00,62.9,62.9,47.8,57.96,0,0,,0,0,24.2,15,335,1014,74.3,3.7,347.8,1.3,3,,Partially cloudy,partly-cloudy-day,"GMMW,60340099999"
Taourirt ,2025-02-16T17:00:00,62.6,62.6,48.2,59.28,0,0,,0,0,13.9,13.9,330,1014,89,3.7,246.7,0.9,2,,Partially cloudy,partly-cloudy-day,"GMMW,60340099999"
Taourirt ,2025-02-16T18:00:00,62.6,62.6,50,63.4,0,0,,0,0,11.4,9.2,330,1014,50,5,127.8,0.5,1,,Partially cloudy,partly-cloudy-day,"GMMW,60340099999"
Taourirt ,2025-02-16T19:00:00,58.6,58.6,49.4,71.29,0,0,,0,0,23,4.7,290,1015.2,45.1,5,34.9,0.1,0,,Partially cloudy,partly-cloudy-night,"GMMW,60340099999"
Taourirt ,2025-02-16T20:00:00,55.4,55.4,50,82.01,0,0,,0,0,5.6,2.2,310,1016,50,5,0,0,0,,Partially cloudy,partly-cloudy-night,"GMMW,60340099999"
Taourirt ,2025-02-16T21:00:00,51.8,51.8,46.4,81.75,0,0,,0,0,5.8,3.4,210,1016,50,5,0,0,0,,Partially cloudy,partly-cloudy-night,"GMMW,60340099999"
Taourirt ,2025-02-16T22:00:00,49.8,49.8,46,86.79,0,0,,0,0,6.9,2.2,70,1017.2,27.4,5,0,0,0,,Partially cloudy,partly-cloudy-night,"GMMW,60340099999"
Taourirt ,2025-02-16T23:00:00,50,47.2,44.6,81.62,0,0,,0,0,5.1,6.9,190,1017,27.4,5,0,0,0,,Partially cloudy,partly-cloudy-night,"GMMW,60340099999"
Taourirt ,2025-02-17T00:00:00,48.2,47.3,44.6,87.29,0,0,,0,0,5.1,3.4,210,1017,27.4,5,0,0,0,,Partially cloudy,partly-cloudy-night,"GMMW,60340099999"
Taourirt ,2025-02-17T01:00:00,48.3,46.9,44.2,85.84,0,0,,0,0,8.1,4,190,1017.3,12.4,6.2,0,0,0,,Clear,clear-night,"GMMW,60340099999"
Taourirt ,2025-02-17T02:00:00,46.4,45.3,42.8,87.19,0,0,,0,0,6,3.4,230,1017,2.4,6.2,0,0,0,,Clear,clear-night,"GMMW,60340099999"
Taourirt ,2025-02-17T03:00:00,44.6,43.2,42.8,93.35,0,0,,0,0,5.8,3.4,290,1016,0.3,6.2,0,0,0,,Clear,clear-night,"GMMW,60340099999"
Taourirt ,2025-02-17T04:00:00,44.2,42.8,42,91.78,0,0,,0,0,5.8,3.4,255,1016.4,27,6.2,0,0,0,,Partially cloudy,partly-cloudy-night,"GMMW,60340099999"
Taourirt ,2025-02-17T05:00:00,42.8,40,41,93.3,0,0,,0,0,5.6,4.7,250,1016,27,6.2,0,0,0,,Partially cloudy,partly-cloudy-night,"GMMW,60340099999"
Taourirt ,2025-02-17T06:00:00,42.8,41.2,41,93.3,0,0,,0,0,5.4,3.4,270,1016,27.7,6.2,0,0,0,,Partially cloudy,partly-cloudy-night,"GMMW,60340099999"
Taourirt ,2025-02-17T07:00:00,43.2,41,40.6,90.5,0,0,,0,0,5.8,4,260,1016.4,31.4,6.2,0,0,0,,Partially cloudy,partly-cloudy-night,"GMMW,60340099999"
Taourirt ,2025-02-17T08:00:00,44.6,44.6,41,87.1,0,0,,0,0,6.3,2.2,145.7,1016,100,6.2,0,0,0,,Overcast,cloudy,"GMMW,60340099999"
Taourirt ,2025-02-17T09:00:00,48.2,46.3,42.8,81.49,0,0,,0,0,8.5,4.7,180,1016,32.9,6.2,66.6,0.2,1,,Partially cloudy,partly-cloudy-day,"GMMW,60340099999"
Taourirt ,2025-02-17T10:00:00,55.9,55.9,44.9,66.33,0,0,,0,0,11.4,4.7,200,1017,7.8,6.2,247.9,0.9,2,,Clear,clear-day,"GMMW,60340099999"
Taourirt ,2025-02-17T11:00:00,60.8,60.8,44.6,55.14,0,0,,0,0,8.7,3.4,310,1017,0,6.2,452.7,1.6,5,,Clear,clear-day,"GMMW,60340099999"
Taourirt ,2025-02-17T12:00:00,62.6,62.6,44.6,51.75,0,0,,0,0,9.6,1.1,213.1,1017,0,6.2,610.6,2.2,6,,Clear,clear-day,"GMMW,60340099999"
Taourirt ,2025-02-17T13:00:00,66.3,66.3,42.9,42.61,0,0,,0,0,9.2,3.4,60,1016,0,6.2,709.5,2.6,7,,Clear,clear-day,"GMMW,60340099999"
Taourirt ,2025-02-17T14:00:00,68,68,41,37.35,0,0,,0,0,8.7,4.7,60,1015,0,6.2,739.6,2.7,7,,Clear,clear-day,"GMMW,60340099999"
Taourirt ,2025-02-17T15:00:00,68,68,39.2,34.83,0,0,,0,0,9.2,3.4,60.2,1015,0,6.2,701.8,2.5,7,,Clear,clear-day,"GMMW,60340099999"
Taourirt ,2025-02-17T16:00:00,69.4,69.4,42.6,37.84,0,0,,0,0,16.1,11.4,55,1013.8,0,6.2,599.3,2.2,6,,Clear,clear-day,"GMMW,60340099999"
Taourirt ,2025-02-17T17:00:00,66.2,66.2,42.8,42.6,0,0,,0,0,9.4,15,50,1013,82.1,6.2,441.7,1.6,4,,Partially cloudy,partly-cloudy-day,"GMMW,60340099999"
Taourirt ,2025-02-17T18:00:00,62.6,62.6,44.6,51.75,0,0,,0,0,8.5,13.9,40,1013,93,6.2,244.2,0.9,2,,Overcast,cloudy,"GMMW,60340099999"
Taourirt ,2025-02-17T19:00:00,60.6,60.6,44.4,55.12,0,0,,0,0,18.3,11.4,65,1014,89.8,6.2,54.6,0.2,0,,Partially cloudy,partly-cloudy-night,"GMMW,60340099999"
Taourirt ,2025-02-17T20:00:00,57.2,57.2,44.6,62.72,0,0,,0,0,8.9,4.7,100,1014,93.8,6.2,0,0,0,,Overcast,cloudy,"GMMW,60340099999"
Taourirt ,2025-02-17T21:00:00,55.4,55.4,44.6,66.93,0,0,,0,0,8.9,4.7,110,1014,88.6,6.2,0,0,0,,Partially cloudy,partly-cloudy-night,"GMMW,60340099999"
Taourirt ,2025-02-17T22:00:00,53.7,53.7,44.9,71.96,0,0,,0,0,12.8,4,110,1014.2,69.4,6.2,0,0,0,,Partially cloudy,partly-cloudy-night,"GMMW,60340099999"
Taourirt ,2025-02-17T23:00:00,51.8,51.8,42.8,71.28,0,0,,0,0,6,2.2,160,1014,67.4,6.2,0,0,0,,Partially cloudy,partly-cloudy-night,"GMMW,60340099999"
Taourirt ,2025-02-18T00:00:00,50,47.8,42.8,76.19,0,0,,0,0,6.7,5.8,290,1014,36,6.2,0,0,0,,Partially cloudy,partly-cloudy-night,"GMMW,60340099999"
Taourirt ,2025-02-18T01:00:00,47.8,47.8,42.4,81.46,0,0,,0,0,6.9,1.7,260,1013.3,24.7,6.2,0,0,0,,Partially cloudy,partly-cloudy-night,"GMMW,60340099999"
Taourirt ,2025-02-18T02:00:00,44.6,44.6,41,87.1,0,0,,0,0,8.5,2.2,220,1012,0,6.2,0,0,0,,Clear,clear-night,"GMMW,60340099999"
Taourirt ,2025-02-18T03:00:00,44.6,42.1,39.2,81.22,0,0,,0,0,8.5,4.7,270,1012,0,6.2,0,0,0,,Clear,clear-night,"GMMW,60340099999"
Taourirt ,2025-02-18T04:00:00,43.3,43.3,39.5,86.14,0,0,,0,0,5.8,2.2,160,1011.6,0,6.2,0,0,0,,Clear,clear-night,"GMMW,60340099999"
Taourirt ,2025-02-18T05:00:00,42.8,42.8,39.2,87,0,0,,0,0,9.2,2.2,270,1011,1,6.2,0,0,0,,Clear,clear-night,"GMMW,60340099999"
Taourirt ,2025-02-18T06:00:00,42.8,40,39.2,87,0,0,,0,0,9.6,4.7,270,1010,0.5,6.2,0,0,0,,Clear,clear-night,"GMMW,60340099999"
Taourirt ,2025-02-18T07:00:00,44.7,41.4,40.8,86.22,0,0,,0,0,8.1,5.8,310,1011.4,0,6.2,0,0,0,,Clear,clear-night,"GMMW,60340099999"
Taourirt ,2025-02-18T08:00:00,44.6,41.3,39.2,81.22,0,0,,0,0,11.2,5.8,280,1011,0,6.2,0.1,0,0,,Clear,clear-day,"GMMW,60340099999"
Taourirt ,2025-02-18T09:00:00,48.2,45.6,41,76.03,0,0,,0,0,10.1,5.8,230,1012,10,6.2,79.7,0.3,1,,Clear,clear-day,"GMMW,60340099999"
Taourirt ,2025-02-18T10:00:00,55.5,55.5,44.2,65.83,0,0,,0,0,10.3,3.4,195,1012.2,38.3,6.2,277.7,1,3,,Partially cloudy,partly-cloudy-day,"GMMW,60340099999"
Taourirt ,2025-02-18T11:00:00,60.8,60.8,46.4,59.04,0,0,,0,0,16.8,3.4,290,1012,35.5,6.2,467.3,1.7,5,,Partially cloudy,partly-cloudy-day,"GMMW,60340099999"
Taourirt ,2025-02-18T12:00:00,66.2,66.2,46.4,48.86,0,0,,0,0,22.1,2.2,207.5,1012,52.1,6.2,619,2.2,6,,Partially cloudy,partly-cloudy-day,"GMMW,60340099999"
Taourirt ,2025-02-18T13:00:00,69.6,69.6,44.2,40.02,0,0,,0,0,6.9,3.4,20,1011.7,71.7,6.2,706.1,2.5,7,,Partially cloudy,partly-cloudy-day,"GMMW,60340099999"
Taourirt ,2025-02-18T14:00:00,73.4,73.4,41,31.08,0,0,,0,0,23.3,4.7,60,1011,79.4,6.2,727.6,2.6,7,,Partially cloudy,partly-cloudy-day,"GMMW,60340099999"
Taourirt ,2025-02-18T15:00:00,75.2,75.2,39.2,27.29,0,0,,0,0,21.7,5.8,70,1010,88.8,6.2,689.1,2.5,7,,Partially cloudy,partly-cloudy-day,"GMMW,60340099999"
Taourirt ,2025-02-18T16:00:00,69.4,69.4,51.6,53.1,0,0,,0,0,16.1,13.9,50,1009.9,50,6.2,567.3,2,6,,Partially cloudy,partly-cloudy-day,"GMMW,60340099999"
Taourirt ,2025-02-18T17:00:00,64.4,64.4,51.8,63.62,0,0,,0,0,16.3,13.9,40,1010,90.6,6.2,395.9,1.4,4,,Overcast,cloudy,"GMMW,60340099999"
Taourirt ,2025-02-18T18:00:00,64.4,64.4,50,59.52,0,0,,0,0,14.1,12.8,70,1010,81.5,6.2,197.6,0.7,2,,Partially cloudy,partly-cloudy-day,"GMMW,60340099999"
Taourirt ,2025-02-18T19:00:00,61.1,61.1,50.1,67.15,0,0,,0,0,19.7,6.9,75,1011.2,50,6.2,44.4,0.2,0,,Partially cloudy,partly-cloudy-night,"GMMW,60340099999"
Taourirt ,2025-02-18T20:00:00,60.8,60.8,53.6,77.15,0,0,,0,0,18.6,3.4,30,1012,68.3,6.2,0,0,0,,Partially cloudy,partly-cloudy-night,"GMMW,60340099999"
Taourirt ,2025-02-18T21:00:00,59,59,53.6,82.26,0,0,,0,0,18.1,4.7,360,1013,84.4,6.2,0,0,0,,Partially cloudy,partly-cloudy-night,"GMMW,60340099999"
Taourirt ,2025-02-18T22:00:00,59,59,53.6,82.26,0,0,,0,0,8.1,5.3,295,1013.3,50,6.2,0,0,0,,Partially cloudy,partly-cloudy-night,"GMMW,60340099999"
Taourirt ,2025-02-18T23:00:00,57.2,57.2,53.6,87.75,0,0,,0,0,12.5,5.8,310,1014,74.4,6.2,0,0,0,,Partially cloudy,partly-cloudy-night,"GMMW,60340099999"
Taourirt ,2025-02-19T00:00:00,57.2,57.2,51.8,82.14,0,0,,0,0,7.4,4.7,290,1014,77.6,6.2,0,0,0,,Partially cloudy,partly-cloudy-night,"GMMW,60340099999"
Taourirt ,2025-02-19T01:00:00,55.7,55.7,52.7,89.68,0,0,,0,0,8.1,5.8,310,1014.3,50,6.2,0,0,0,,Partially cloudy,partly-cloudy-night,"GMMW,60340099999"
Taourirt ,2025-02-19T02:00:00,55.4,55.4,53.6,93.65,0,0,,0,0,4.5,5.8,240,1015,91.6,6.2,0,0,0,,Overcast,cloudy,"GMMW,60340099999"
Taourirt ,2025-02-19T03:00:00,55.4,55.4,53.6,93.65,0,0,,0,0,2.9,5.8,270,1014,87.8,6.2,0,0,0,,Partially cloudy,partly-cloudy-night,"GMMW,60340099999"
Taourirt ,2025-02-19T04:00:00,55.4,55.4,53.4,93.05,0,0,,0,0,8.1,5.8,300,1015,50,6.2,0,0,0,,Partially cloudy,partly-cloudy-night,"GMMW,60340099999"
Taourirt ,2025-02-19T05:00:00,57.2,57.2,53.6,87.75,0,0,,0,0,3.8,4.7,260,1015,97,6.2,0,0,0,,Overcast,cloudy,"GMMW,60340099999"
Taourirt ,2025-02-19T06:00:00,57.2,57.2,53.6,87.75,0,0,,0,0,3.1,3.4,260,1016,89,6.2,0,0,0,,Partially cloudy,partly-cloudy-night,"GMMW,60340099999"
Taourirt ,2025-02-19T07:00:00,56.8,56.8,52.1,84,0,0,,0,0,8.1,2.2,230,1016.4,84.1,6.2,0,0,0,,Partially cloudy,partly-cloudy-night,"GMMW,60340099999"
Taourirt ,2025-02-19T08:00:00,55.4,55.4,51.8,87.66,0,0,,0,0,3.8,2.2,161.1,1017,89,6.2,0.1,0,0,,Partially cloudy,partly-cloudy-day,"GMMW,60340099999"
Taourirt ,2025-02-19T09:00:00,55.4,55.4,51.8,87.66,0,0,,0,0,3.8,4.7,190,1018,50,6.2,41.4,0.1,0,,Partially cloudy,partly-cloudy-day,"GMMW,60340099999"
Taourirt ,2025-02-19T10:00:00,59.1,59.1,51.9,77.01,0,0,,0,0,6.9,1.1,130,1019,54.9,6.2,157.5,0.6,2,,Partially cloudy,partly-cloudy-day,"GMMW,60340099999"
Taourirt ,2025-02-19T11:00:00,60.8,60.8,51.8,72.22,0,0,,0,0,7.4,2.2,148.8,1019,50,6.2,331.4,1.2,3,,Partially cloudy,partly-cloudy-day,"GMMW,60340099999"
Taourirt ,2025-02-19T12:00:00,62.6,62.6,51.8,67.77,0,0,,0,0,13.9,3.4,199.6,1020,50,6.2,435,1.6,4,,Partially cloudy,partly-cloudy-day,"GMMW,60340099999"
Taourirt ,2025-02-19T13:00:00,64.5,64.5,50.5,60.52,0,0,,0,0,8.1,2.8,240,1019.1,54.9,6.2,626.6,2.3,6,,Partially cloudy,partly-cloudy-day,"GMMW,60340099999"
Taourirt ,2025-02-19T14:00:00,66.2,66.2,50,55.91,0,0,,0,0,15.7,4.7,223.1,1019,50,6.2,722.4,2.6,7,,Partially cloudy,partly-cloudy-day,"GMMW,60340099999"
Taourirt ,2025-02-19T15:00:00,66.2,66.2,48.2,52.28,0,0,,0,0,15,8.1,30,1018,89,6.2,688.7,2.5,7,,Partially cloudy,partly-cloudy-day,"GMMW,60340099999"
Taourirt ,2025-02-19T16:00:00,64.7,64.7,50.7,60.54,0,0,,0,0,16.1,10.8,35,1019,50,5,463.5,1.7,5,,Partially cloudy,partly-cloudy-day,"GMMW,60340099999"
Taourirt ,2025-02-19T17:00:00,62.6,62.6,53.6,72.4,0,0,,0,0,13.9,11.4,50,1019,50,5,347.1,1.2,3,,Partially cloudy,partly-cloudy-day,"GMMW,60340099999"
Taourirt ,2025-02-19T18:00:00,62.6,62.6,53.6,72.4,0,0,,0,0,14.8,9.2,50,1020,50,5,147.9,0.5,1,,Partially cloudy,partly-cloudy-day,"GMMW,60340099999"
Taourirt ,2025-02-19T19:00:00,60.4,60.4,53.2,77.12,0,0,,0,0,16.1,7.5,60,1021.1,50,5,52,0.2,0,,Partially cloudy,partly-cloudy-night,"GMMW,60340099999"
Taourirt ,2025-02-19T20:00:00,59,59,53.6,82.26,0,0,,0,0,11.2,5.8,70,1022,50,5,0,0,0,,Partially cloudy,partly-cloudy-night,"GMMW,60340099999"
Taourirt ,2025-02-19T21:00:00,55.4,55.4,51.8,87.66,0,0,,0,0,11,3.4,80,1022,50,5,0,0,0,,Partially cloudy,partly-cloudy-night,"GMMW,60340099999"
Taourirt ,2025-02-19T22:00:00,51.8,51.8,49.6,92.03,0,0,,0,0,9.2,3.4,210,1023.3,45.1,5,0,0,0,,Partially cloudy,partly-cloudy-night,"GMMW,60340099999"
Taourirt ,2025-02-19T23:00:00,51.8,51.8,48.2,87.48,0,0,,0,0,6.3,3.4,210,1024,50,5,0,0,0,,Partially cloudy,partly-cloudy-night,"GMMW,60340099999"
Taourirt ,2025-02-20T00:00:00,48.2,47.3,46.4,93.45,0,0,,0,0,6,3.4,220,1024,27.4,5,0,0,0,,Partially cloudy,partly-cloudy-night,"GMMW,60340099999"
Taourirt ,2025-02-20T01:00:00,48,48,46,92.83,0,0,,0,0,5.8,2.8,270,1024.4,27.4,5,0,0,0,,Partially cloudy,partly-cloudy-night,"GMMW,60340099999"
Taourirt ,2025-02-20T02:00:00,48.2,46.3,46.4,93.45,0,0,,0,0,5.6,4.7,190,1024,27.4,5,0,0,0,,Partially cloudy,partly-cloudy-night,"GMMW,60340099999"
Taourirt ,2025-02-20T03:00:00,48.2,48.2,46.4,93.45,0,0,,0,0,4.5,2.2,310,1024,27.4,5,0,0,0,,Partially cloudy,partly-cloudy-night,"GMMW,60340099999"
Taourirt ,2025-02-20T04:00:00,46.7,46.7,44.9,93.41,0,0,,0,0,6.9,1.1,230,1024.4,27.4,5,0,0,0,,Partially cloudy,partly-cloudy-night,"GMMW,60340099999"
Taourirt ,2025-02-20T05:00:00,44.6,44.6,44.6,100,0,0,,0,0,2.2,2.2,230,1024,27.4,5,0,0,0,,Partially cloudy,partly-cloudy-night,"GMMW,60340099999"
Taourirt ,2025-02-20T06:00:00,44.6,43.2,42.8,93.35,0,0,,0,0,2.5,3.4,310,1024,27.4,5,0,0,0,,Partially cloudy,partly-cloudy-night,"GMMW,60340099999"
Taourirt ,2025-02-20T07:00:00,44.4,41.9,42.9,94.3,0,0,,0,0,5.8,4.7,270,1025.4,45.1,5,0,0,0,,Partially cloudy,partly-cloudy-night,"GMMW,60340099999"
Taourirt ,2025-02-20T08:00:00,44.6,43.2,42.8,93.35,0,0,,0,0,4.5,3.4,260,1025,50,5,0.2,0,0,,Partially cloudy,partly-cloudy-day,"GMMW,60340099999"
Taourirt ,2025-02-20T09:00:00,46.4,45.3,44.6,93.4,0,0,,0,0,5.8,3.4,290,1026,27.4,5,67.9,0.2,1,,Partially cloudy,partly-cloudy-day,"GMMW,60340099999"
Taourirt ,2025-02-20T10:00:00,55.8,55.8,48.5,76.22,0,0,,0,0,5.8,2.2,150,1027,17.7,5,246.8,0.9,2,,Clear,clear-day,"GMMW,60340099999"
Taourirt ,2025-02-20T11:00:00,60.8,60.8,48.2,63.17,0,0,,0,0,7.2,2.2,202.4,1027,70.8,6.2,414.4,1.5,4,,Partially cloudy,partly-cloudy-day,"GMMW,60340099999"
Taourirt ,2025-02-20T12:00:00,62.6,62.6,48.2,59.28,0,0,,0,0,8.5,3.4,350,1027,24.3,6.2,614.6,2.2,6,,Partially cloudy,partly-cloudy-day,"GMMW,60340099999"
Taourirt ,2025-02-20T13:00:00,64.7,64.7,48.2,55.15,0,0,,0,0,10.3,6.4,55,1026.2,0,6.2,724.6,2.6,7,,Clear,clear-day,"GMMW,60340099999"
Taourirt ,2025-02-20T14:00:00,66.2,66.2,51.8,59.76,0,0,,0,0,12.8,10.3,40,1026,27.4,5,749.7,2.7,7,,Partially cloudy,partly-cloudy-day,"GMMW,60340099999"
Taourirt ,2025-02-20T15:00:00,66.2,66.2,51.8,59.76,0,0,,0,0,15,10.3,40,1025,27.4,5,719.9,2.6,7,,Partially cloudy,partly-cloudy-day,"GMMW,60340099999"
Taourirt ,2025-02-20T16:00:00,65.8,65.8,50,56.77,0,0,,0,0,16.1,11.4,50,1025,17.7,5,605,2.2,6,,Clear,clear-day,"GMMW,60340099999"
Taourirt ,2025-02-20T17:00:00,64.4,64.4,50,59.52,0,0,,0,0,18.1,13.9,50,1025,27.4,5,446.4,1.6,4,,Partially cloudy,partly-cloudy-day,"GMMW,60340099999"
Taourirt ,2025-02-20T18:00:00,62.6,62.6,48.2,59.28,0,0,,0,0,19.2,13.9,70,1025,27.4,5,235.9,0.8,2,,Partially cloudy,partly-cloudy-day,"GMMW,60340099999"
Taourirt ,2025-02-20T19:00:00,59,59,50.3,72.74,0.008,100,rain,0,0,17.2,12.8,60,1026,4.4,5,61.5,0.2,0,,Rain,rain,"GMMW,60340099999"
Taourirt ,2025-02-20T20:00:00,57.1,57.1,51.7,82.13,0,0,,0,0,14.5,9.2,70,1026,2.2,5,0,0,0,,Clear,clear-night,GMMW
Taourirt ,2025-02-20T21:00:00,55.3,55.3,51.7,87.65,0,0,,0,0,11.9,4.7,100,1026,0,5,0,0,0,,Clear,clear-night,GMMW
Taourirt ,2025-02-20T22:00:00,53.5,53.5,49.9,87.56,0,0,,0,0,8.3,4.7,130,1026,0,5,0,0,0,,Clear,clear-night,GMMW
Taourirt ,2025-02-20T23:00:00,51.8,51.8,50,93.55,0,0,,0,0,5.8,3.4,150,1027,27.4,2.5,0,0,0,,Partially cloudy,partly-cloudy-night,"GMMW,60340099999"
Taourirt ,2025-02-21T00:00:00,50,47.8,48.2,93.5,0,0,,0,0,5.6,5.8,200,1026,27.4,2.5,0,0,0,,Partially cloudy,partly-cloudy-night,"GMMW,60340099999"
Taourirt ,2025-02-21T01:00:00,49.6,47.3,47.8,93.49,0,0,,0,0,8.1,5.8,190,1026.4,27.4,3.7,0,0,0,,Partially cloudy,partly-cloudy-night,"GMMW,60340099999"
Taourirt ,2025-02-21T02:00:00,48.2,45,46.4,93.45,0,0,,0,0,2.7,6.9,180,1026,27.4,3.7,0,0,0,,Partially cloudy,partly-cloudy-night,"GMMW,60340099999"
Taourirt ,2025-02-21T03:00:00,46.4,45.3,44.6,93.4,0,0,,0,0,4.3,3.4,230,1025,27.4,3.7,0,0,0,,Partially cloudy,partly-cloudy-night,"GMMW,60340099999"
Taourirt ,2025-02-21T04:00:00,46,46,44.2,93.7,0,0,,0,0,8.1,1.7,110,1025.2,27.4,3.7,0,0,0,,Partially cloudy,partly-cloudy-night,"GMMW,60340099999"
Taourirt ,2025-02-21T05:00:00,48.2,48.2,46.4,93.45,0,0,,0,0,5.8,2.2,108.9,1024,27.4,3.7,0,0,0,,Partially cloudy,partly-cloudy-night,"GMMW,60340099999"
Taourirt ,2025-02-21T06:00:00,50,49.4,48.2,93.5,0,0,,0,0,6.5,3.4,220,1024,50,0,0,0,0,,Partially cloudy,partly-cloudy-night,"GMMW,60340099999"
Taourirt ,2025-02-21T07:00:00,48,48,47.8,99.01,0,0,,0,0,5.8,2.2,90,1024.3,50,0,0,0,0,,Partially cloudy,partly-cloudy-night,"GMMW,60340099999"
Taourirt ,2025-02-21T08:00:00,46.4,46.4,46.4,100,0,0,,0,0,5.6,2.2,170,1024,50,0,0.3,0,0,,Partially cloudy,partly-cloudy-day,"GMMW,60340099999"
Taourirt ,2025-02-21T09:00:00,46.4,45.3,44.6,93.4,0,0,,0,0,7.4,3.4,190,1024,50,0.6,81.6,0.3,1,,Partially cloudy,fog,"GMMW,60340099999"
Taourirt ,2025-02-21T10:00:00,52.3,52.3,52.1,99.03,0,0,,0,0,4.7,1.1,130,1025,50,2.8,265.6,1,3,,Partially cloudy,partly-cloudy-day,"GMMW,60340099999"
Taourirt ,2025-02-21T11:00:00,59,59,51.8,77,0,0,,0,0,10.7,9.2,90,1024,0,5,481.8,1.7,5,,Clear,clear-day,"GMMW,60340099999"
Taourirt ,2025-02-21T12:00:00,64.4,64.4,50,59.52,0,0,,0,0,15.2,10.3,70,1023,0,5,641.8,2.3,6,,Clear,clear-day,"GMMW,60340099999"
Taourirt ,2025-02-21T13:00:00,71.7,71.7,40.8,32.71,0,0,,0,0,16.1,10.3,125,1022.5,40,5,728.8,2.6,7,,Partially cloudy,partly-cloudy-day,"GMMW,60340099999"
Taourirt ,2025-02-21T14:00:00,68,68,51.8,56.16,0,0,,0,0,21.3,12.8,40,1022,0,5,732.4,2.6,7,,Clear,clear-day,"GMMW,60340099999"
Taourirt ,2025-02-21T15:00:00,66.2,66.2,51.8,59.76,0,0,,0,0,21.9,15,40,1021,0,5,658.5,2.4,7,,Clear,clear-day,"GMMW,60340099999"
Taourirt ,2025-02-21T16:00:00,64,64,52.1,65.04,0,0,,0,0,20.8,16.1,40,1020.1,60,5,429.8,1.5,4,,Partially cloudy,partly-cloudy-day,"GMMW,60340099999"
Taourirt ,2025-02-21T17:00:00,62.6,62.6,51.8,67.77,0,0,,0,0,19.9,11.4,60,1020,0,5,350,1.3,4,,Clear,clear-day,"GMMW,60340099999"
Taourirt ,2025-02-21T18:00:00,60.8,60.8,53.6,77.15,0,0,,0,0,18.8,6.9,50,1021,0,5,196.9,0.7,2,,Clear,clear-day,"GMMW,60340099999"
Taourirt ,2025-02-21T19:00:00,60.4,60.4,52.1,74.07,0.008,100,rain,0,0,19.7,5.8,80,1021,60,5,52.1,0.2,1,,"Rain, Partially cloudy",rain,"GMMW,60340099999"
Taourirt ,2025-02-21T20:00:00,57.2,57.2,51.8,82.14,0,0,,0,0,8.1,1.1,187,1021,0,5,0,0,0,,Clear,clear-night,"GMMW,60340099999"
Taourirt ,2025-02-21T21:00:00,53.6,53.6,50,87.57,0,0,,0,0,6.9,2.2,200,1022,0,5,0,0,0,,Clear,clear-night,"GMMW,60340099999"
Taourirt ,2025-02-21T22:00:00,51.4,51.4,48.3,88.91,0,0,,0,0,5.8,2.8,250,1022.4,60,5,0,0,0,,Partially cloudy,partly-cloudy-night,"GMMW,60340099999"
Taourirt ,2025-02-21T23:00:00,50,48.4,46.4,87.38,0,0,,0,0,4.3,4.7,220,1023,0,5,0,0,0,,Clear,clear-night,"GMMW,60340099999"
Taourirt ,2025-02-22T00:00:00,50,48.4,46.4,87.38,0,0,,0,0,4,4.7,230,1023,0,3.7,0,0,0,,Clear,clear-night,"GMMW,60340099999"
Taourirt ,2025-02-22T01:00:00,48,45.4,46,92.83,0,0,,0,0,8.1,5.8,220,1023.1,30,3.7,0,0,0,,Partially cloudy,partly-cloudy-night,"GMMW,60340099999"
Taourirt ,2025-02-22T02:00:00,48.2,46.3,46.4,93.45,0,0,,0,0,6.7,4.7,220,1022,0,3.7,0,0,0,,Clear,clear-night,"GMMW,60340099999"
Taourirt ,2025-02-22T03:00:00,46.4,46.4,44.6,93.4,0,0,,0,0,7.8,2.2,270,1022,0,3.7,0,0,0,,Clear,clear-night,"GMMW,60340099999"
Taourirt ,2025-02-22T04:00:00,46.5,44.3,44.2,91.85,0,0,,0,0,8.1,4.7,260,1021.5,30,3.7,0,0,0,,Partially cloudy,partly-cloudy-night,"GMMW,60340099999"
Taourirt ,2025-02-22T05:00:00,46.4,45.3,44.6,93.4,0,0,,0,0,11,3.4,200,1021,0,3.7,0,0,0,,Clear,clear-night,"GMMW,60340099999"
Taourirt ,2025-02-22T06:00:00,46.4,44.2,44.6,93.4,0,0,,0,0,9.8,4.7,270,1021,0,3.7,0,0,0,,Clear,clear-night,"GMMW,60340099999"
Taourirt ,2025-02-22T07:00:00,49.6,47.3,46.7,89.42,0,0,,0,0,11.4,5.8,260,1022.3,37.2,3.7,0,0,0,,Partially cloudy,partly-cloudy-night,"GMMW,60340099999"
Taourirt ,2025-02-22T08:00:00,51.8,51.8,50,93.55,0,0,,0,0,8.5,4.7,190,1022,27.4,3.7,0.4,0,0,,Partially cloudy,partly-cloudy-day,"GMMW,60340099999"
Taourirt ,2025-02-22T09:00:00,53.6,53.6,50,87.57,0,0,,0,0,7.6,2.2,80,1022,27.4,3.7,46.9,0.2,0,,Partially cloudy,partly-cloudy-day,"GMMW,60340099999"
Taourirt ,2025-02-22T10:00:00,55.4,55.4,51.4,86.53,0,0,,0,0,11.4,1.1,110,1022.4,42.1,3.7,172.7,0.6,2,,Partially cloudy,partly-cloudy-day,"GMMW,60340099999"
Taourirt ,2025-02-22T11:00:00,62.6,62.6,51.8,67.77,0,0,,0,0,11,2.2,209.4,1023,0,3.7,271.8,1,3,,Clear,clear-day,"GMMW,60340099999"
Taourirt ,2025-02-22T12:00:00,62.6,62.6,50,63.4,0,0,,0,0,13.6,2.2,230.8,1023,0,3.7,339.3,1.2,3,,Clear,clear-day,"GMMW,60340099999"
Taourirt ,2025-02-22T13:00:00,63,63,49.8,62.02,0,0,,0,0,5.8,3.4,55,1022,60,3.7,432.1,1.6,4,,Partially cloudy,partly-cloudy-day,"GMMW,60340099999"
Taourirt ,2025-02-22T14:00:00,64.4,64.4,50,59.52,0,0,,0,0,20.8,3.4,30,1022,0,3.7,400.3,1.4,4,,Clear,clear-day,"GMMW,60340099999"
Taourirt ,2025-02-22T15:00:00,64.4,64.4,48.2,55.66,0,0,,0,0,27.5,4.7,10,1021,0,5,426.7,1.5,4,,Clear,clear-day,"GMMW,60340099999"
Taourirt ,2025-02-22T16:00:00,64.7,64.7,49.6,58.21,0,0,,0,0,10.3,5.8,310,1020.9,60,5,297.1,1.1,3,,Partially cloudy,partly-cloudy-day,"GMMW,60340099999"
Taourirt ,2025-02-22T17:00:00,62.6,62.6,51.8,67.77,0,0,,0,0,29.5,6.9,20,1021,0,5,213.1,0.8,2,,Clear,clear-day,"GMMW,60340099999"
Taourirt ,2025-02-22T18:00:00,59,59,51.8,77,0,0,,0,0,28.4,15,340,1021,50,5,124.8,0.4,1,,Partially cloudy,partly-cloudy-day,"GMMW,60340099999"
Taourirt ,2025-02-22T19:00:00,55,55,52.1,89.66,0.079,100,rain,0,0,24.2,17.2,310,1022.4,89,1.9,30,0.1,0,,"Rain, Partially cloudy",rain,"GMMW,60340099999"
Taourirt ,2025-02-22T20:00:00,53.6,53.6,51.8,93.6,0,0,,0,0,16.6,3.4,270,1023,89,3.7,0,0,0,,Partially cloudy,partly-cloudy-night,"GMMW,60340099999"
Taourirt ,2025-02-22T21:00:00,53.6,53.6,50,87.57,0,0,,0,0,13.6,6.9,230,1023,50,5,0,0,0,,Partially cloudy,partly-cloudy-night,"GMMW,60340099999"
Taourirt ,2025-02-22T22:00:00,51.8,51.8,46.2,81.21,0.008,100,rain,0,0,17.2,4.7,235,1024.2,64.7,5,0,0,0,,"Rain, Partially cloudy",rain,"GMMW,60340099999"
Taourirt ,2025-02-22T23:00:00,52.7,52.7,44.6,73.92,0,0,,0,0,4,8,235,1024,50,6.2,0,0,0,,Partially cloudy,partly-cloudy-night,"GMMW,60340099999"
Taourirt ,2025-02-23T00:00:00,51.8,51.8,44.6,76.36,0,0,,0,0,8.5,5.8,260,1025,50,6.2,0,0,0,,Partially cloudy,partly-cloudy-night,"GMMW,60340099999"
Taourirt ,2025-02-23T01:00:00,53.7,53.7,44.4,70.77,0,0,,0,0,16.1,8,280,1025.2,45.1,6.2,0,0,0,,Partially cloudy,partly-cloudy-night,"GMMW,60340099999"
Taourirt ,2025-02-23T02:00:00,53.6,53.6,44.6,71.47,0,0,,0,0,7.4,11.4,290,1025,50,6.2,0,0,0,,Partially cloudy,partly-cloudy-night,"GMMW,60340099999"
Taourirt ,2025-02-23T02:00:00,51.8,51.8,44.6,76.36,0,0,,0,0,8.9,4.7,230,1025,50,6.2,0,0,0,,Partially cloudy,partly-cloudy-night,"GMMW,60340099999"
Taourirt ,2025-02-23T03:00:00,52.3,52.3,44.7,75.14,0,0,,0,0,13.9,6.9,255,1025.3,45.1,6.2,0,0,0,,Partially cloudy,partly-cloudy-night,"GMMW,60340099999"
Taourirt ,2025-02-23T04:00:00,51.8,51.8,44.6,76.36,0,0,,0,0,8.1,8.1,280,1025,50,6.2,0,0,0,,Partially cloudy,partly-cloudy-night,"GMMW,60340099999"
Taourirt ,2025-02-23T05:00:00,51.8,51.8,44.6,76.36,0,0,,0,0,8.1,4.7,260,1025,50,6.2,0,0,0,,Partially cloudy,partly-cloudy-night,"GMMW,60340099999"
Taourirt ,2025-02-23T06:00:00,51.9,51.9,43.2,72.26,0,0,,0,0,12.8,6.9,265,1026.2,45.1,6.2,0,0,0,,Partially cloudy,partly-cloudy-night,"GMMW,60340099999"
Taourirt ,2025-02-23T07:00:00,50,47.8,42.8,76.19,0,0,,0,0,8.1,5.8,210,1026,50,6.2,0.6,0,0,,Partially cloudy,partly-cloudy-day,"GMMW,60340099999"
Taourirt ,2025-02-23T08:00:00,50,50,44.6,81.62,0,0,,0,0,7.8,1.1,203.1,1027,50,6.2,74.9,0.3,1,,Partially cloudy,partly-cloudy-day,"GMMW,60340099999"
Taourirt ,2025-02-23T09:00:00,55.7,55.7,47.8,74.95,0,0,,0,0,11.4,5.8,250,1028.1,45.1,6.2,231,0.8,2,,Partially cloudy,partly-cloudy-day,"GMMW,60340099999"
Taourirt ,2025-02-23T10:00:00,59,59,48.2,67.36,0,0,,0,0,11.4,6.9,300,1028,50,6.2,427.1,1.5,4,,Partially cloudy,partly-cloudy-day,"GMMW,60340099999"
Taourirt ,2025-02-23T11:00:00,60.8,60.8,48.2,63.17,0,0,,0,0,11,8.1,290,1028,50,6.2,564.4,2,6,,Partially cloudy,partly-cloudy-day,"GMMW,60340099999"
Taourirt ,2025-02-23T12:00:00,62.9,62.9,47.8,57.96,0,0,,0,0,16.1,5.8,340,1027.9,45.1,6.2,640.4,2.3,6,,Partially cloudy,partly-cloudy-day,"GMMW,60340099999"
Taourirt ,2025-02-23T13:00:00,62.6,62.6,46.4,55.4,0,0,,0,0,13,5.8,350,1027,50,6.2,630.8,2.3,6,,Partially cloudy,partly-cloudy-day,"GMMW,60340099999"
Taourirt ,2025-02-23T14:00:00,62.6,62.6,42.8,48.31,0,0,,0,0,14.3,8.1,40,1027,89,6.2,509.1,1.8,5,,Partially cloudy,partly-cloudy-day,"GMMW,60340099999"
Taourirt ,2025-02-23T15:00:00,64,64,46,51.79,0,0,,0,0,21.9,12.8,60,1026.9,84.1,6.2,447.4,1.6,4,,Partially cloudy,partly-cloudy-day,"GMMW,60340099999"
Taourirt ,2025-02-23T16:00:00,62.6,62.6,44.6,51.75,0,0,,0,0,17.4,10.3,60,1027,89,6.2,364.7,1.3,4,,Partially cloudy,partly-cloudy-day,"GMMW,60340099999"
Taourirt ,2025-02-23T17:00:00,62.6,62.6,42.8,48.31,0,0,,0,0,17.4,9.2,40,1027,89,6.2,186.1,0.7,2,,Partially cloudy,partly-cloudy-day,"GMMW,60340099999"
Taourirt ,2025-02-23T18:00:00,58.8,58.8,46.2,62.92,0,0,,0,0,17.2,8.1,70,1028.2,50,5,59,0.2,1,,Partially cloudy,partly-cloudy-day,"GMMW,60340099999"
Taourirt ,2025-02-23T19:00:00,55.4,55.4,46.4,71.66,0,0,,0,0,10.1,2.2,27.3,1029,27.4,5,0,0,0,,Partially cloudy,partly-cloudy-night,"GMMW,60340099999"
Taourirt ,2025-02-23T20:00:00,53.6,53.6,48.2,81.88,0,0,,0,0,7.2,1.1,19.2,1030,27.4,5,0,0,0,,Partially cloudy,partly-cloudy-night,"GMMW,60340099999"
Taourirt ,2025-02-23T21:00:00,48.3,46.9,45.1,88.77,0,0,,0,0,10.3,4,240,1030.5,27.4,5,0,0,0,,Partially cloudy,partly-cloudy-night,"GMMW,60340099999"
Taourirt ,2025-02-23T22:00:00,48.2,45.6,44.6,87.29,0,0,,0,0,6.9,5.8,210,1031,27.4,5,0,0,0,,Partially cloudy,partly-cloudy-night,"GMMW,60340099999"
Taourirt ,2025-02-23T23:00:00,46.4,45.3,44.6,93.4,0,0,,0,0,6.5,3.4,260,1031,27.4,5,0,0,0,,Partially cloudy,partly-cloudy-night,"GMMW,60340099999"
Taourirt ,2025-02-24T00:00:00,44.7,42.2,42.9,93.35,0,0,,0,0,6.9,4.7,180,1031.4,27.4,5,0,0,0,,Partially cloudy,partly-cloudy-night,"GMMW,60340099999"
Taourirt ,2025-02-24T01:00:00,44.6,43.2,42.8,93.35,0,0,,0,0,5.4,3.4,330,1030,27.4,5,0,0,0,,Partially cloudy,partly-cloudy-night,"GMMW,60340099999"
Taourirt ,2025-02-24T02:00:00,42.8,41.2,41,93.3,0,0,,0,0,5.6,3.4,260,1030,27.4,5,0,0,0,,Partially cloudy,partly-cloudy-night,"GMMW,60340099999"
Taourirt ,2025-02-24T03:00:00,42.8,39.2,41.3,94.26,0,0,,0,0,6.9,5.8,300,1030.5,27.4,5,0,0,0,,Partially cloudy,partly-cloudy-night,"GMMW,60340099999"
Taourirt ,2025-02-24T04:00:00,42.8,40,41,93.3,0,0,,0,0,4,4.7,280,1030,27.4,5,0,0,0,,Partially cloudy,partly-cloudy-night,"GMMW,60340099999"
Taourirt ,2025-02-24T05:00:00,42.8,42.8,41,93.3,0,0,,0,0,2.9,2.2,131.5,1029,27.4,5,0,0,0,,Partially cloudy,partly-cloudy-night,"GMMW,60340099999"
Taourirt ,2025-02-24T06:00:00,41,37.5,39.2,93.25,0,0,,0,0,8.1,5.2,280,1029.7,27.4,5,0,0,0,,Partially cloudy,partly-cloudy-night,"GMMW,60340099999"
Taourirt ,2025-02-24T07:00:00,41,41,39.2,93.25,0,0,,0,0,4.3,1.1,220,1030,27.4,5,1,0,0,,Partially cloudy,partly-cloudy-day,"GMMW,60340099999"
Taourirt ,2025-02-24T08:00:00,46.4,45.3,44.6,93.4,0,0,,0,0,6.7,3.4,280,1030,0,5,92.7,0.3,1,,Clear,clear-day,"GMMW,60340099999"
Taourirt ,2025-02-24T09:00:00,53.2,53.2,44.9,73.13,0,0,,0,0,8.1,2.2,250,1031.1,30,5,289.8,1,3,,Partially cloudy,partly-cloudy-day,"GMMW,60340099999"
Taourirt ,2025-02-24T10:00:00,57.2,57.2,46.4,67.15,0,0,,0,0,8.3,2.2,168.4,1031,0,5,479.2,1.7,5,,Clear,clear-day,"GMMW,60340099999"
Taourirt ,2025-02-24T11:00:00,62.6,62.6,46.4,55.4,0,0,,0,0,8.9,5.8,181.5,1031,0,5,634.7,2.3,6,,Clear,clear-day,"GMMW,60340099999"
Taourirt ,2025-02-24T12:00:00,64.2,64.2,44.2,48.23,0,0,,0,0,8.1,3.4,120,1030,27.4,5,734.1,2.6,7,,Partially cloudy,partly-cloudy-day,"GMMW,60340099999"
Taourirt ,2025-02-24T13:00:00,64.4,64.4,44.6,48.58,0,0,,0,0,8.3,3.4,178.1,1029,50,6.2,775.2,2.8,8,,Partially cloudy,partly-cloudy-day,"GMMW,60340099999"
Taourirt ,2025-02-24T14:00:00,68,68,42.8,40.03,0,0,,0,0,8.5,6.9,120,1028,50,6.2,733.2,2.6,7,,Partially cloudy,partly-cloudy-day,"GMMW,60340099999"
Taourirt ,2025-02-24T15:00:00,64.5,64.5,48,55.12,0,0,,0,0,18.3,12.1,40,1027.9,54.9,6.2,593.3,2.1,6,,Partially cloudy,partly-cloudy-day,"GMMW,60340099999"
Taourirt ,2025-02-24T16:00:00,62.6,62.6,48.2,59.28,0,0,,0,0,8.3,15,50,1027,89,6.2,402.5,1.4,4,,Partially cloudy,partly-cloudy-day,"GMMW,60340099999"
Taourirt ,2025-02-24T17:00:00,60.8,60.8,48.2,63.17,0,0,,0,0,7.6,13.9,50,1027,89,6.2,193.8,0.7,2,,Partially cloudy,partly-cloudy-day,"GMMW,60340099999"
Taourirt ,2025-02-24T18:00:00,59.1,59.1,48.3,67.37,0,0,,0,0,18.3,10.3,50,1027.1,74.3,6.2,47,0.2,0,,Partially cloudy,partly-cloudy-day,"GMMW,60340099999"
Taourirt ,2025-02-24T19:00:00,57.2,57.2,50,76.84,0,0,,0,0,6,5.8,70,1027,89,6.2,0,0,0,,Partially cloudy,partly-cloudy-night,"GMMW,60340099999"
Taourirt ,2025-02-24T20:00:00,53.6,53.6,48.2,81.88,0,0,,0,0,7.2,2.2,57.9,1028,89,6.2,0,0,0,,Partially cloudy,partly-cloudy-night,"GMMW,60340099999"
Taourirt ,2025-02-24T21:00:00,50.1,50.1,46.8,88.56,0,0,,0,0,13.9,2.8,250,1028.6,74.3,6.2,0,0,0,,Partially cloudy,partly-cloudy-night,"GMMW,60340099999"
Taourirt ,2025-02-24T22:00:00,48.2,46.3,46.4,93.45,0,0,,0,0,6.7,4.7,230,1029,89,6.2,0,0,0,,Partially cloudy,partly-cloudy-night,"GMMW,60340099999"
Taourirt ,2025-02-24T23:00:00,48.2,48.2,46.4,93.45,0,0,,0,0,6,2.2,85.7,1028,89,6.2,0,0,0,,Partially cloudy,partly-cloudy-night,"GMMW,60340099999"
Taourirt ,2025-02-25T00:00:00,46.5,43.6,44.9,94.03,0,0,,0,0,8.1,5.8,245,1028.5,74.3,6.2,0,0,0,,Partially cloudy,partly-cloudy-night,"GMMW,60340099999"
Taourirt ,2025-02-25T01:00:00,46.4,45.3,44.6,93.4,0,0,,0,0,4.7,3.4,250,1028,89,6.2,0,0,0,,Partially cloudy,partly-cloudy-night,"GMMW,60340099999"
Taourirt ,2025-02-25T02:00:00,44.6,43.2,42.8,93.35,0,0,,0,0,4.7,3.4,250,1027,89,6.2,0,0,0,,Partially cloudy,partly-cloudy-night,"GMMW,60340099999"
Taourirt ,2025-02-25T03:00:00,46.2,45.1,43.1,88.67,0,0,,0,0,5.8,3.4,265,1027.2,27.4,6.2,0,0,0,,Partially cloudy,partly-cloudy-night,"GMMW,60340099999"
Taourirt ,2025-02-25T04:00:00,44.6,43.2,42.8,93.35,0,0,,0,0,4.9,3.4,260,1026,27.4,6.2,0,0,0,,Partially cloudy,partly-cloudy-night,"GMMW,60340099999"
Taourirt ,2025-02-25T05:00:00,46.4,45.3,42.8,87.19,0,0,,0,0,5.6,3.4,290,1026,27.4,6.2,0,0,0,,Partially cloudy,partly-cloudy-night,"GMMW,60340099999"
Taourirt ,2025-02-25T06:00:00,42.4,40.1,40.6,93.29,0,0,,0,0,8.1,4,285,1026.5,27.4,6.2,0,0,0,,Partially cloudy,partly-cloudy-night,"GMMW,60340099999"
Taourirt ,2025-02-25T07:00:00,44.6,42.1,41,87.1,0,0,,0,0,6.7,4.7,200,1026,27.4,6.2,1.3,0,0,,Partially cloudy,partly-cloudy-day,"GMMW,60340099999"
Taourirt ,2025-02-25T08:00:00,46.4,46.4,42.8,87.19,0,0,,0,0,7.4,2.2,200,1026,27.4,6.2,102,0.4,1,,Partially cloudy,partly-cloudy-day,"GMMW,60340099999"
Taourirt ,2025-02-25T09:00:00,55.9,55.9,44.4,65.23,0,0,,0,0,11.4,6.9,170,1026.4,27.4,6.2,296,1.1,3,,Partially cloudy,partly-cloudy-day,"GMMW,60340099999"
Taourirt ,2025-02-25T10:00:00,62.6,62.6,44.6,51.75,0,0,,0,0,12.5,2.2,212.6,1027,27.4,6.2,500.8,1.8,5,,Partially cloudy,partly-cloudy-day,"GMMW,60340099999"
Taourirt ,2025-02-25T11:00:00,64.4,64.4,44.6,48.58,0,0,,0,0,14.8,3.4,227.6,1026,27.4,6.2,657.8,2.4,7,,Partially cloudy,partly-cloudy-day,"GMMW,60340099999"
Taourirt ,2025-02-25T12:00:00,66,66,42.6,42.57,0,0,,0,0,11.4,5.3,295,1025.7,27.4,6.2,752,2.7,8,,Partially cloudy,partly-cloudy-day,"GMMW,60340099999"
Taourirt ,2025-02-25T13:00:00,68,68,42.8,40.03,0,0,,0,0,14.1,2.2,244.9,1024,27.4,6.2,766.8,2.8,8,,Partially cloudy,partly-cloudy-day,"GMMW,60340099999"
Taourirt ,2025-02-25T14:00:00,69.8,69.8,41,35.12,0,0,,0,0,13.4,10.3,262.2,1024,50,6.2,726.8,2.6,7,,Partially cloudy,partly-cloudy-day,"GMMW,60340099999"
Taourirt ,2025-02-25T15:00:00,68.5,68.5,37.4,31.87,0,0,,0,0,21.9,8.6,330,1023.1,50,6.2,596.5,2.1,6,,Partially cloudy,partly-cloudy-day,"GMMW,60340099999"
Taourirt ,2025-02-25T16:00:00,68,68,37.4,32.46,0,0,,0,0,12.3,16.1,320,1024,56.9,6.2,446.4,1.6,4,,Partially cloudy,partly-cloudy-day,"GMMW,60340099999"
Taourirt ,2025-02-25T17:00:00,66.2,66.2,39.2,37.06,0,0,,0,0,11.2,12.8,330,1023,70.9,6.2,268.6,1,3,,Partially cloudy,partly-cloudy-day,"GMMW,60340099999"
Taourirt ,2025-02-25T18:00:00,64.4,64.4,39.7,40.28,0,0,,0,0,24.2,7.5,310,1023.9,50,6.2,73.3,0.3,1,,Partially cloudy,partly-cloudy-day,"GMMW,60340099999"
Taourirt ,2025-02-25T19:00:00,64.4,64.4,41,42.31,0,0,,0,0,8.7,10.3,320,1024,83.2,6.2,0,0,0,,Partially cloudy,partly-cloudy-night,"GMMW,60340099999"
Taourirt ,2025-02-25T20:00:00,62.6,62.6,41,45.07,0,0,,0,0,7.6,6.9,280,1025,70.2,6.2,0,0,0,,Partially cloudy,partly-cloudy-night,"GMMW,60340099999"
Taourirt ,2025-02-25T21:00:00,62.2,62.2,43.2,49.9,0,0,,0,0,21.9,13.3,305,1024.9,50,6.2,0,0,0,,Partially cloudy,partly-cloudy-night,"GMMW,60340099999"
Taourirt ,2025-02-25T22:00:00,60.8,60.8,44.6,55.14,0,0,,0,0,4.3,11.4,290,1025,60.8,6.2,0,0,0,,Partially cloudy,partly-cloudy-night,"GMMW,60340099999"
Taourirt ,2025-02-25T23:00:00,59,59,44.6,58.79,0,0,,0,0,4.5,5.8,250,1025,34.9,6.2,0,0,0,,Partially cloudy,partly-cloudy-night,"GMMW,60340099999"
Taourirt ,2025-02-26T00:00:00,59.5,59.5,46.7,62.39,0,0,,0,0,25.3,6.4,275,1025.3,50,6.2,0,0,0,,Partially cloudy,partly-cloudy-night,"GMMW,60340099999"
Taourirt ,2025-02-26T01:00:00,59,59,48.2,67.36,0,0,,0,0,6,8.1,310,1025,46.1,6.2,0,0,0,,Partially cloudy,partly-cloudy-night,"GMMW,60340099999"
Taourirt ,2025-02-26T02:00:00,57.2,57.2,48.2,71.85,0,0,,0,0,6.5,3.4,210,1025,51.2,6.2,0,0,0,,Partially cloudy,partly-cloudy-night,"GMMW,60340099999"
Taourirt ,2025-02-26T03:00:00,56.8,56.8,48.2,72.77,0,0,,0,0,9.2,2.2,140,1025,60,6.2,0,0,0,,Partially cloudy,partly-cloudy-night,"GMMW,60340099999"
Taourirt ,2025-02-26T04:00:00,57.2,57.2,48.2,71.85,0,0,,0,0,5.1,2.2,167.7,1025,90.4,6.2,0,0,0,,Overcast,cloudy,"GMMW,60340099999"
Taourirt ,2025-02-26T05:00:00,55.4,55.4,48.2,76.68,0,0,,0,0,4.5,5.8,180,1025,95.3,6.2,0,0,0,,Overcast,cloudy,"GMMW,60340099999"
Taourirt ,2025-02-26T06:00:00,53.4,53.4,47.8,81.33,0,0,,0,0,8.1,4.7,175,1025.3,60,6.2,0,0,0,,Partially cloudy,partly-cloudy-night,"GMMW,60340099999"
Taourirt ,2025-02-26T07:00:00,51.8,51.8,46.4,81.75,0,0,,0,0,3.4,2.2,105.3,1025,89,6.2,1.1,0,0,,Partially cloudy,partly-cloudy-day,"GMMW,60340099999"
Taourirt ,2025-02-26T08:00:00,53.6,53.6,48.2,81.88,0,0,,0,0,4,2.2,88.8,1026,50,6.2,68.6,0.2,1,,Partially cloudy,partly-cloudy-day,"GMMW,60340099999"
Taourirt ,2025-02-26T09:00:00,60.6,60.6,48.6,64.63,0,0,,0,0,5.8,2.2,70,1026.2,50,6.2,160.7,0.6,2,,Partially cloudy,partly-cloudy-day,"GMMW,60340099999"
Taourirt ,2025-02-26T10:00:00,62.6,62.6,48.2,59.28,0,0,,0,0,6.9,3.4,10,1026,50,6.2,317.9,1.1,3,,Partially cloudy,partly-cloudy-day,"GMMW,60340099999"
Taourirt ,2025-02-26T11:00:00,64.4,64.4,46.4,52.01,0,0,,0,0,6.7,5.8,300,1026,50,6.2,458.6,1.7,5,,Partially cloudy,partly-cloudy-day,"GMMW,60340099999"
Taourirt ,2025-02-26T12:00:00,66,66,44.7,46.07,0,0,,0,0,10.3,4,360,1025,50,6.2,400.4,1.4,4,,Partially cloudy,partly-cloudy-day,"GMMW,60340099999"
Taourirt ,2025-02-26T13:00:00,66.2,66.2,50,55.91,0,0,,0,0,8.3,11.4,40,1024,50,6.2,623.1,2.2,6,,Partially cloudy,partly-cloudy-day,"GMMW,60340099999"
Taourirt ,2025-02-26T14:00:00,64.4,64.4,50,59.52,0,0,,0,0,8.5,13.9,50,1023,50,6.2,544.6,2,5,,Partially cloudy,partly-cloudy-day,"GMMW,60340099999"
Taourirt ,2025-02-26T15:00:00,64.5,64.5,51.6,63.02,0,0,,0,0,21.9,17.2,45,1022.8,50,6.2,510.1,1.8,5,,Partially cloudy,partly-cloudy-day,"GMMW,60340099999"
Taourirt ,2025-02-26T16:00:00,62.6,62.6,50,63.4,0,0,,0,0,7.8,16.1,50,1022,50,6.2,413.3,1.5,4,,Partially cloudy,partly-cloudy-day,"GMMW,60340099999"
Taourirt ,2025-02-26T17:00:00,62.6,62.6,48.2,59.28,0,0,,0,0,8.3,15,30,1023,27.4,6.2,260,0.9,3,,Partially cloudy,partly-cloudy-day,"GMMW,60340099999"
Taourirt ,2025-02-26T18:00:00,59.1,59.1,51.8,76.76,0,0,,0,0,21.9,11.4,50,1023.2,27.4,5,76.9,0.3,1,,Partially cloudy,partly-cloudy-day,"GMMW,60340099999"
Taourirt ,2025-02-26T19:00:00,57.2,57.2,51.8,82.14,0,0,,0,0,8.9,9.2,60,1023,27.4,5,0,0,0,,Partially cloudy,partly-cloudy-night,"GMMW,60340099999"
Taourirt ,2025-02-26T20:00:00,57.2,57.2,53.6,87.75,0,0,,0,0,8.9,5.8,30,1023,27.4,5,0,0,0,,Partially cloudy,partly-cloudy-night,"GMMW,60340099999"
Taourirt ,2025-02-26T21:00:00,53.2,53.2,50.1,89,0,0,,0,0,15,2.2,190,1023.3,27.4,5,0,0,0,,Partially cloudy,partly-cloudy-night,"GMMW,60340099999"
Taourirt ,2025-02-26T22:00:00,51.8,51.8,50,93.55,0,0,,0,0,6,3.4,220,1023,27.4,5,0,0,0,,Partially cloudy,partly-cloudy-night,"GMMW,60340099999"
Taourirt ,2025-02-26T23:00:00,50,47.2,48.2,93.5,0,0,,0,0,6,6.9,210,1023,27.4,5,0,0,0,,Partially cloudy,partly-cloudy-night,"GMMW,60340099999"
Taourirt ,2025-02-27T00:00:00,49.8,49.8,48,93.5,0,0,,0,0,8.1,2.2,310,1022.4,27.4,5,0,0,0,,Partially cloudy,partly-cloudy-night,"GMMW,60340099999"
Taourirt ,2025-02-27T01:00:00,48.2,46.3,46.4,93.45,0,0,,0,0,4.5,4.7,220,1022,27.4,5,0,0,0,,Partially cloudy,partly-cloudy-night,"GMMW,60340099999"
Taourirt ,2025-02-27T02:00:00,46.4,44.2,44.6,93.4,0,0,,0,0,3.8,4.7,230,1021,27.4,5,0,0,0,,Partially cloudy,partly-cloudy-night,"GMMW,60340099999"
Taourirt ,2025-02-27T03:00:00,46.5,44.3,44.6,93.09,0,0,,0,0,6.9,4.7,300,1020.4,27.4,5,0,0,0,,Partially cloudy,partly-cloudy-night,"GMMW,60340099999"
Taourirt ,2025-02-27T04:00:00,48.2,47.3,44.6,87.29,0,0,,0,0,5.1,3.4,290,1020,27.4,5,0,0,0,,Partially cloudy,partly-cloudy-night,"GMMW,60340099999"
Taourirt ,2025-02-27T05:00:00,46.4,46.4,44.6,93.4,0,0,,0,0,5.6,2.2,260,1020,27.4,5,0,0,0,,Partially cloudy,partly-cloudy-night,"GMMW,60340099999"
Taourirt ,2025-02-27T06:00:00,47.8,47.8,44.7,88.75,0,0,,0,0,6.9,2.2,215,1020.1,27.4,5,0,0,0,,Partially cloudy,partly-cloudy-night,"GMMW,60340099999"
Taourirt ,2025-02-27T07:00:00,48.2,48.2,44.6,87.29,0,0,,0,0,7.2,1.1,148.4,1020,27.4,5,1.9,0,0,,Partially cloudy,partly-cloudy-day,"GMMW,60340099999"
Taourirt ,2025-02-27T08:00:00,50,50,46.4,87.38,0,0,,0,0,8.5,2.2,360,1020,50,5,101.7,0.4,1,,Partially cloudy,partly-cloudy-day,"GMMW,60340099999"
Taourirt ,2025-02-27T09:00:00,57,57,51.2,80.8,0,0,,0,0,6.9,4.7,50,1020.4,54.9,5,275,1,3,,Partially cloudy,partly-cloudy-day,"GMMW,60340099999"
Taourirt ,2025-02-27T10:00:00,59,59,50,72.03,0,0,,0,0,10.3,3.4,90,1020,50,5,431.5,1.6,4,,Partially cloudy,partly-cloudy-day,"GMMW,60340099999"
Taourirt ,2025-02-27T11:00:00,60.8,60.8,50,67.56,0,0,,0,0,12.5,2.2,207,1020,50,5,591.9,2.1,6,,Partially cloudy,partly-cloudy-day,"GMMW,60340099999"
Taourirt ,2025-02-27T12:00:00,64.7,64.7,49.6,58.02,0,0,,0,0,8.1,4,20,1019.1,54.9,5,700.5,2.5,7,,Partially cloudy,partly-cloudy-day,"GMMW,60340099999"
Taourirt ,2025-02-27T13:00:00,66.2,66.2,48.2,52.28,0,0,,0,0,12.5,4.7,228.2,1018,50,5,719.7,2.6,7,,Partially cloudy,partly-cloudy-day,"GMMW,60340099999"
Taourirt ,2025-02-27T14:00:00,68,68,50,52.54,0,0,,0,0,11.9,10.3,60,1017,50,5,610.6,2.2,6,,Partially cloudy,partly-cloudy-day,"GMMW,60340099999"
Taourirt ,2025-02-27T15:00:00,65.8,65.8,52.1,61.28,0,0,,0,0,17.2,10.3,50,1016.9,64.7,5,540.4,1.9,5,,Partially cloudy,partly-cloudy-day,"GMMW,60340099999"
Taourirt ,2025-02-27T16:00:00,62.6,62.6,53.6,72.4,0,0,,0,0,11.2,10.3,40,1017,50,5,400.8,1.4,4,,Partially cloudy,partly-cloudy-day,"GMMW,60340099999"
Taourirt ,2025-02-27T17:00:00,60.8,60.8,51.8,72.22,0,0,,0,0,11.4,9.2,50,1017,50,5,228.6,0.8,2,,Partially cloudy,partly-cloudy-day,"GMMW,60340099999"
Taourirt ,2025-02-27T18:00:00,58.8,58.8,51.6,76.98,0,0,,0,0,16.1,10.3,50,1017.2,54.9,5,66.7,0.2,1,,Partially cloudy,partly-cloudy-day,"GMMW,60340099999"
Taourirt ,2025-02-27T19:00:00,59,59,51.8,77,0,0,,0,0,19.2,8.1,70,1018,89,5,0.1,0,0,,Partially cloudy,partly-cloudy-night,"GMMW,60340099999"
Taourirt ,2025-02-27T20:00:00,57.2,57.2,51.8,82.14,0,0,,0,0,18.3,3.4,70,1018,89,5,0,0,0,,Partially cloudy,partly-cloudy-night,"GMMW,60340099999"
Taourirt ,2025-02-27T21:00:00,54.8,54.8,49.8,83.32,0,0,,0,0,12.8,2.2,170,1018.2,74.3,5,0,0,0,,Partially cloudy,partly-cloudy-night,"GMMW,60340099999"
Taourirt ,2025-02-27T22:00:00,51.8,51.8,48.2,87.48,0,0,,0,0,10.3,5.8,200,1018,50,5,0,0,0,,Partially cloudy,partly-cloudy-night,"GMMW,60340099999"
Taourirt ,2025-02-27T23:00:00,50,49.4,48.2,93.5,0,0,,0,0,7.2,3.4,200,1017,50,3.7,0,0,0,,Partially cloudy,partly-cloudy-night,"GMMW,60340099999"
Taourirt ,2025-02-28T00:00:00,48.5,47.6,46.2,91.92,0,0,,0,0,6.9,3.4,200,1017.2,45.1,3.1,0,0,0,,Partially cloudy,partly-cloudy-night,"GMMW,60340099999"
Taourirt ,2025-02-28T01:00:00,48.2,47.3,44.6,87.29,0,0,,0,0,4.7,3.4,220,1016,50,3.1,0,0,0,,Partially cloudy,partly-cloudy-night,"GMMW,60340099999"
Taourirt ,2025-02-28T02:00:00,50,50,46.4,87.38,0,0,,0,0,3.8,1.1,336.5,1015,50,3.1,0,0,0,,Partially cloudy,partly-cloudy-night,"GMMW,60340099999"
Taourirt ,2025-02-28T03:00:00,50.1,50.1,46.7,87.97,0,0,,0,0,5.8,4,115,1014.4,54.9,3.1,0,0,0,,Partially cloudy,partly-cloudy-night,"GMMW,60340099999"
Taourirt ,2025-02-28T04:00:00,51.8,51.8,48.2,87.48,0,0,,0,0,3.6,1.1,138.5,1014,50,3.1,0,0,0,,Partially cloudy,partly-cloudy-night,"GMMW,60340099999"
Taourirt ,2025-02-28T05:00:00,50,50,46.4,87.38,0,0,,0,0,4,1.1,146.8,1013,50,3.1,0,0,0,,Partially cloudy,partly-cloudy-night,"GMMW,60340099999"
Taourirt ,2025-02-28T06:00:00,48.3,48.3,45.8,91,0,0,,0,0,8.1,2.2,300,1013.5,27.4,3.7,0,0,0,,Partially cloudy,partly-cloudy-night,"GMMW,60340099999"
Taourirt ,2025-02-28T07:00:00,48.2,48.2,46.4,93.45,0,0,,0,0,3.6,2.2,109,1013,27.4,3.7,2.3,0,0,,Partially cloudy,partly-cloudy-day,"GMMW,60340099999"
Taourirt ,2025-02-28T08:00:00,51.8,51.8,48.2,87.48,0,0,,0,0,6.3,2.2,150,1013,50,3.7,84.5,0.3,1,,Partially cloudy,partly-cloudy-day,"GMMW,60340099999"
Taourirt ,2025-02-28T09:00:00,57.3,57.3,50.1,76.85,0,0,,0,0,5.8,3.4,55,1013.2,64.7,3.7,253.2,0.9,3,,Partially cloudy,partly-cloudy-day,"GMMW,60340099999"
Taourirt ,2025-02-28T10:00:00,60.8,60.8,50,67.56,0,0,,0,0,10.5,3.4,26.1,1013,50,3.7,418.6,1.5,4,,Partially cloudy,partly-cloudy-day,"GMMW,60340099999"
Taourirt ,2025-02-28T11:00:00,60.8,60.8,50,67.56,0,0,,0,0,11.2,4.7,120,1012,50,3.7,550.5,2,6,,Partially cloudy,partly-cloudy-day,"GMMW,60340099999"
Taourirt ,2025-02-28T12:00:00,62.5,62.5,49.9,63.39,0,0,,0,0,11.6,6.9,80,1011,50,3.7,607.9,2.2,6,,Partially cloudy,partly-cloudy-day,GMMW
Taourirt ,2025-02-28T13:00:00,62.5,62.5,51.7,67.76,0,0,,0,0,11.9,8.1,60,1010,50,3.7,632.6,2.3,6,,Partially cloudy,partly-cloudy-day,GMMW
Taourirt ,2025-02-28T14:00:00,62.5,62.5,51.7,67.76,0,0,,0,0,11.4,12.8,30,1010,50,3.7,575.6,2.1,6,,Partially cloudy,partly-cloudy-day,GMMW
Taourirt ,2025-02-28T15:00:00,60.7,60.7,51.7,72.21,0,0,,0,0,11.9,9.2,60,1010,50,3.7,318.6,1.1,3,,Partially cloudy,partly-cloudy-day,GMMW
Taourirt ,2025-02-28T16:00:00,60.7,60.7,53.5,77.15,0,0,,0,0,17.9,6.9,20,1010,50,3.1,208.6,0.8,2,,Partially cloudy,partly-cloudy-day,GMMW
Taourirt ,2025-02-28T17:00:00,55.3,55.3,55.3,100,0,0,,0,0,26.6,15,290,1011,50,2.5,79,0.3,1,,Partially cloudy,partly-cloudy-day,GMMW
Taourirt ,2025-02-28T18:00:00,57.1,57.1,53.5,87.74,0,0,,0,0,26.8,10.3,330,1010,50,2.5,29,0.1,0,,Partially cloudy,partly-cloudy-day,GMMW
Taourirt ,2025-02-28T19:00:00,55.3,55.3,53.5,93.65,0,0,,0,0,16.1,4.7,330,1012,50,2.5,0.1,0,0,,Partially cloudy,partly-cloudy-night,GMMW
Taourirt ,2025-02-28T20:00:00,53.6,53.6,53.6,100,0,0,,0,0,12.1,8.1,210,1013,50,3.1,0,0,0,,Partially cloudy,partly-cloudy-night,"GMMW,60340099999"
Taourirt ,2025-02-28T21:00:00,53.9,53.9,53.2,97.46,0.079,100,rain,0,0,15,5.8,225,1012,69.6,3.1,0,0,0,,"Rain, Partially cloudy",rain,"GMMW,60340099999"
Taourirt ,2025-02-28T22:00:00,53.6,53.6,51.8,93.6,0,0,,0,0,9.6,4.7,220,1012,50,3.1,0,0,0,,Partially cloudy,partly-cloudy-night,"GMMW,60340099999"
Taourirt ,2025-02-28T23:00:00,53.6,53.6,51.8,93.6,0,0,,0,0,8.7,1.1,183.2,1012,50,3.1,0,0,0,,Partially cloudy,partly-cloudy-night,"GMMW,60340099999"
